CompoundName,ExperimentType,ChemicalFormula,Ionization,ExtractedMass,Adduct,Polarity,ChargeState,RT,Window,
CL(16:1_16:1_16:1_16:1),XIC,C73 H134 O17 P2,ESI,1343.9023545300001,H-Loss,-,1,18.959795186823,,
CL(18:1_16:1_16:1_16:1),XIC,C75 H138 O17 P2,ESI,1371.93365453,H-Loss,-,1,19.57688778309694,,
CL(16:1_16:1_16:1_18:2),XIC,C75 H136 O17 P2,ESI,1369.9180045300002,H-Loss,-,1,19.0719921359772,,
CL(18:3_16:1_16:1_16:1),XIC,C75 H134 O17 P2,ESI,1367.9023545300001,H-Loss,-,1,18.626424276943307,,
CL(18:4_16:1_16:1_16:1),XIC,C75 H132 O17 P2,ESI,1365.88670453,H-Loss,-,1,18.971463410798798,,
CL(18:2_16:0_16:0_18:2),XIC,C77 H142 O17 P2,ESI,1399.96495453,H-Loss,-,1,20.206794008335287,,
CL(18:1_16:1_16:1_18:2),XIC,C77 H140 O17 P2,ESI,1397.94930453,H-Loss,-,1,19.691249859823156,,
CL(18:3_16:0_16:0_18:2),XIC,C77 H140 O17 P2,ESI,1397.94930453,H-Loss,-,1,19.87780598296846,,
CL(18:2_16:1_16:1_18:2),XIC,C77 H138 O17 P2,ESI,1395.93365453,H-Loss,-,1,19.193478849712875,,
CL(18:3_16:0_16:1_18:2),XIC,C77 H138 O17 P2,ESI,1395.93365453,H-Loss,-,1,19.54444143034521,,
CL(18:3_16:1_16:1_18:2),XIC,C77 H136 O17 P2,ESI,1393.9180045300002,H-Loss,-,1,18.745925889461216,,
CL(18:3_22:4_12:0_16:1),XIC,C77 H134 O17 P2,ESI,1391.9023545300001,H-Loss,-,1,18.291889430790288,,
CL(10:3_18:2_22:1_18:2),XIC,C77 H134 O17 P2,ESI,1391.9023545300001,H-Loss,-,1,19.117,,
CL(18:3_22:5_14:1_16:1),XIC,C79 H134 O17 P2,ESI,1415.9023545300001,H-Loss,-,1,17.898020286188423,,
CL(22:6_14:1_16:1_18:2),XIC,C79 H134 O17 P2,ESI,1415.9023545300001,H-Loss,-,1,18.758,,
CL(18:2_16:1_18:1_18:1),XIC,C79 H144 O17 P2,ESI,1425.9806045300002,H-Loss,-,1,20.21115114763725,,
CL(18:1_16:1_18:2_18:2),XIC,C79 H142 O17 P2,ESI,1423.96495453,H-Loss,-,1,19.804247028794034,,
CL(18:2_16:0_18:2_18:2),XIC,C79 H142 O17 P2,ESI,1423.96495453,H-Loss,-,1,19.92614710635653,,
CL(18:2_16:1_18:2_18:2),XIC,C79 H140 O17 P2,ESI,1421.94930453,H-Loss,-,1,19.335845113225265,,
CL(18:3_16:0_18:2_18:2),XIC,C79 H140 O17 P2,ESI,1421.94930453,H-Loss,-,1,19.49881629178434,,
CL(18:3_18:2_18:2_16:1),XIC,C79 H138 O17 P2,ESI,1419.93365453,H-Loss,-,1,18.87732438414458,,
CL(18:3_18:2_16:1_18:2),XIC,C79 H138 O17 P2,ESI,1419.93365453,H-Loss,-,1,19.034491594222075,,
CL(18:3_16:1_16:1_20:4),XIC,C79 H136 O17 P2,ESI,1417.9180045300002,H-Loss,-,1,18.399662174559957,,
CL(20:5_18:2_14:0_18:2),XIC,C79 H136 O17 P2,ESI,1417.9180045300002,H-Loss,-,1,19.20518392019487,,
CL(18:4_18:2_18:2_18:2),XIC,C81 H138 O17 P2,ESI,1443.93365453,H-Loss,-,1,18.543043676010484,,
CL(18:4_18:2_18:2_18:2),XIC,C81 H138 O17 P2,ESI,1443.93365453,H-Loss,-,1,19.328029817285984,,
CL(18:4_18:2_18:2_18:2),XIC,C81 H138 O17 P2,ESI,1443.93365453,H-Loss,-,1,19.485,,
CL(18:3_18:2_14:0_22:6),XIC,C81 H136 O17 P2,ESI,1441.9180045300002,H-Loss,-,1,18.032000008763095,,
CL(18:4_20:4_16:1_18:2),XIC,C81 H136 O17 P2,ESI,1441.9180045300002,H-Loss,-,1,18.899586227540137,,
CL(18:4_18:2_14:1_22:5),XIC,C81 H134 O17 P2,ESI,1439.9023545300001,H-Loss,-,1,18.418452549016806,,
CL(18:2_18:1_18:2_18:2),XIC,C81 H144 O17 P2,ESI,1449.9806045300002,H-Loss,-,1,19.91819488635818,,
CL(18:2_18:2_18:2_18:2),XIC,C81 H142 O17 P2,ESI,1447.96495453,H-Loss,-,1,19.485362886575142,,
CL(18:3_18:2_18:2_18:2),XIC,C81 H140 O17 P2,ESI,1445.94930453,H-Loss,-,1,19.010303932350023,,
CL(18:4_20:4_18:2_18:2),XIC,C83 H138 O17 P2,ESI,1467.93365453,H-Loss,-,1,19.023783735188367,,
CL(18:4_18:2_16:1_22:6),XIC,C83 H136 O17 P2,ESI,1465.9180045300002,H-Loss,-,1,18.459705886961746,,
CL(18:4_18:2_16:1_22:6),XIC,C83 H136 O17 P2,ESI,1465.9180045300002,H-Loss,-,1,18.576679495145694,,
CL(12:3_22:6_22:3_18:2),XIC,C83 H134 O17 P2,ESI,1463.9023545300001,H-Loss,-,1,17.942370220920512,,
CL(12:3_22:6_22:3_18:2),XIC,C83 H134 O17 P2,ESI,1463.9023545300001,H-Loss,-,1,18.04651567030937,,
Cer(d15:0_19:1),XIC,C34 H67 O3 N1,ESI,582.5102975299999,HCO2-Gain,-,1,11.459456041660108,,
Cer(d15:0_19:1),XIC,C34 H67 O3 N1,ESI,582.5102975299999,HCO2-Gain,-,1,11.634915361875054,,
Cer(d14:1_20:0),XIC,C34 H67 O3 N1,ESI,538.51937047,H-Gain,+,1,11.744,,
Cer(d16:0_20:1),XIC,C36 H71 O3 N1,ESI,610.5415975299999,HCO2-Gain,-,1,13.806466444883315,,
Cer(d14:1_22:0),XIC,C36 H71 O3 N1,ESI,610.5415975299999,HCO2-Gain,-,1,14.15881332067857,,
Cer(d14:1_22:0),XIC,C36 H71 O3 N1,ESI,566.55067047,H-Gain,+,1,14.15881332067857,,
Cer(d14:1_22:0),XIC,C36 H71 O3 N1,ESI,610.5415975299999,HCO2-Gain,-,1,14.367190621549424,,
Cer(d14:1_22:0),XIC,C36 H71 O3 N1,ESI,566.55067047,H-Gain,+,1,14.367190621549424,,
Cer(d14:1_22:0),XIC,C36 H71 O3 N1,ESI,566.55067047,H-Gain,+,1,14.489433662305771,,
Cer(d14:1_22:0),XIC,C36 H71 O3 N1,ESI,610.5415975299999,HCO2-Gain,-,1,14.489433662305771,,
Cer(d12:0_25:1),XIC,C37 H73 O3 N1,ESI,624.5572475299999,HCO2-Gain,-,1,15.35132787146902,,
Cer(d13:0_25:1),XIC,C38 H75 O3 N1,ESI,638.57289753,HCO2-Gain,-,1,16.037105519475023,,
Cer(d14:1_24:0),XIC,C38 H75 O3 N1,ESI,638.57289753,HCO2-Gain,-,1,16.26635215078874,,
Cer(d20:0_18:1),XIC,C38 H75 O3 N1,ESI,638.57289753,HCO2-Gain,-,1,16.392,,
Cer(d23:0_16:1+2O),XIC,C39 H77 O5 N1,ESI,638.5728975299999,H-Loss,-,1,16.439,,
Cer(d24:2_18:0+O),XIC,C42 H81 O4 N1,ESI,681.65038447,NH4-Gain,+,1,4.816424454181403,,
Cer(d24:2_18:0+O),XIC,C42 H81 O4 N1,ESI,681.65038447,NH4-Gain,+,1,4.951200006346154,,
Cer(d23:2_21:4),XIC,C44 H77 O3 N1,ESI,685.62416947,NH4-Gain,+,1,8.70761651904729,,
Cer(d23:2_21:4),XIC,C44 H77 O3 N1,ESI,685.62416947,NH4-Gain,+,1,8.846046689069668,,
Cer(m21:1_15:0+O),XIC,C36 H71 O3 N1,ESI,610.5415975299999,HCO2-Gain,-,1,13.689839953752122,,
Cer(t20:1_15:0+O),XIC,C35 H69 O5 N1,ESI,582.5102975299999,H-Loss,-,1,11.508,,
Cer(t20:1_15:0+O),XIC,C35 H69 O5 N1,ESI,582.5102975299999,H-Loss,-,1,11.703,,
Cer(t20:0_18:1+O),XIC,C38 H75 O5 N1,ESI,624.5572475299999,H-Loss,-,1,15.345,,
CerP(d24:0_15:0+O),XIC,C39 H80 O7 N1 P1,ESI,723.6010674700001,NH4-Gain,+,1,4.888,,
CerP(d21:2_18:0+O),XIC,C39 H76 O7 N1 P1,ESI,702.5432184700002,H-Gain,+,1,11.630978098238982,,
CerP(d21:2_18:0+O),XIC,C39 H76 O7 N1 P1,ESI,702.5432184700002,H-Gain,+,1,11.884837757195042,,
CerP(d21:2_18:0+O),XIC,C39 H76 O7 N1 P1,ESI,702.5432184700002,H-Gain,+,1,13.10490863079878,,
CerP(d21:2_18:0+O),XIC,C39 H76 O7 N1 P1,ESI,702.5432184700002,H-Gain,+,1,13.278863727483058,,
CerP(d21:2_18:0+O),XIC,C39 H76 O7 N1 P1,ESI,702.5432184700002,H-Gain,+,1,13.472931688867435,,
CerP(t17:1_18:2+2O),XIC,C35 H66 O9 N1 P1,ESI,676.4547984700001,H-Gain,+,1,4.005,,
DG(8:0e_10:4),XIC,C21 H34 O4,ESI,368.27953547000004,NH4-Gain,+,1,1.4441788214697702,,
DG(8:0_12:2),XIC,C23 H40 O5,ESI,414.32140047000007,NH4-Gain,+,1,1.729,,
DG(12:0e_10:4),XIC,C25 H42 O4,ESI,424.34213547,NH4-Gain,+,1,2.346716213879725,,
DG(16:0_16:1),XIC,C35 H66 O5,ESI,584.52485047,NH4-Gain,+,1,13.077313816322338,,
DG(16:1_16:0),XIC,C35 H66 O5,ESI,584.52485047,NH4-Gain,+,1,13.229051239199,,
DG(16:0_16:1),XIC,C35 H66 O5,ESI,584.52485047,NH4-Gain,+,1,13.353102507324918,,
DG(16:1_16:1),XIC,C35 H64 O5,ESI,582.5092004700001,NH4-Gain,+,1,10.778,,
DG(12:1e_20:3),XIC,C35 H62 O4,ESI,585.4279694700001,K-Gain,+,1,4.385789297952592,,
DG(16:0_18:1),XIC,C37 H70 O5,ESI,612.55615047,NH4-Gain,+,1,15.37710157857699,,
DG(18:1_16:0),XIC,C37 H70 O5,ESI,612.55615047,NH4-Gain,+,1,15.532756576402317,,
DG(16:1_18:1),XIC,C37 H68 O5,ESI,610.54050047,NH4-Gain,+,1,13.06597753289015,,
DG(16:1_18:1),XIC,C37 H68 O5,ESI,610.54050047,NH4-Gain,+,1,13.21137045145311,,
DG(18:2_16:0),XIC,C37 H68 O5,ESI,610.54050047,NH4-Gain,+,1,13.576928567248371,,
DG(16:0_18:2),XIC,C37 H68 O5,ESI,610.54050047,NH4-Gain,+,1,13.715884594793176,,
DG(16:0_18:2),XIC,C37 H68 O5,ESI,610.54050047,NH4-Gain,+,1,13.83842768492259,,
DG(16:1_18:2),XIC,C37 H66 O5,ESI,608.5248504699999,NH4-Gain,+,1,11.241584668626583,,
DG(16:1_18:2),XIC,C37 H66 O5,ESI,608.5248504699999,NH4-Gain,+,1,11.422,,
DG(16:0_18:3),XIC,C37 H66 O5,ESI,608.5248504699999,NH4-Gain,+,1,11.920378362749448,,
DG(16:0_18:3),XIC,C37 H66 O5,ESI,608.5248504699999,NH4-Gain,+,1,12.028,,
DG(16:0_18:3),XIC,C37 H66 O5,ESI,608.5248504699999,NH4-Gain,+,1,12.145340226047292,,
DG(18:4_16:0),XIC,C37 H64 O5,ESI,589.4826514700002,H-Gain,+,1,12.954011397769962,,
DG(18:4_16:0),XIC,C37 H64 O5,ESI,589.4826514700002,H-Gain,+,1,13.133452511675157,,
DG(18:4_16:0),XIC,C37 H64 O5,ESI,589.4826514700002,H-Gain,+,1,13.291,,
DG(18:4_16:1),XIC,C37 H62 O5,ESI,587.4670014700001,H-Gain,+,1,10.778,,
DG(18:0_18:1),XIC,C39 H74 O5,ESI,640.5874504700001,NH4-Gain,+,1,17.068380617532718,,
DG(18:1_18:1),XIC,C39 H72 O5,ESI,638.5718004700001,NH4-Gain,+,1,13.709076453398609,,
DG(18:1_18:1),XIC,C39 H72 O5,ESI,638.5718004700001,NH4-Gain,+,1,13.84820118530278,,
DG(18:1_18:1),XIC,C39 H72 O5,ESI,638.5718004700001,NH4-Gain,+,1,15.441211344012597,,
DG(18:1_18:1),XIC,C39 H72 O5,ESI,638.5718004700001,NH4-Gain,+,1,15.591524912015323,,
DG(18:1_18:1),XIC,C39 H72 O5,ESI,638.5718004700001,NH4-Gain,+,1,15.847391700560241,,
DG(18:0_18:2),XIC,C39 H72 O5,ESI,638.5718004700001,NH4-Gain,+,1,15.95421975490103,,
DG(18:1_18:2),XIC,C39 H70 O5,ESI,636.55615047,NH4-Gain,+,1,13.680489179958208,,
DG(18:1_18:2),XIC,C39 H70 O5,ESI,636.55615047,NH4-Gain,+,1,13.898154555652898,,
DG(18:0_18:3),XIC,C39 H70 O5,ESI,636.55615047,NH4-Gain,+,1,14.561,,
DG(18:2_18:2),XIC,C39 H68 O5,ESI,634.54050047,NH4-Gain,+,1,11.744701748263967,,
DG(18:2_18:2),XIC,C39 H68 O5,ESI,634.54050047,NH4-Gain,+,1,12.004694724615165,,
DG(18:1_18:3),XIC,C39 H68 O5,ESI,634.54050047,NH4-Gain,+,1,12.181560785499466,,
DG(16:0_20:4),XIC,C39 H68 O5,ESI,617.51395147,H-Gain,+,1,15.515477696708642,,
DG(18:3_18:2),XIC,C39 H66 O5,ESI,632.5248504699999,NH4-Gain,+,1,10.189145258362709,,
DG(16:0_20:5),XIC,C39 H66 O5,ESI,615.49830147,H-Gain,+,1,13.481818003527106,,
DG(16:0_20:5),XIC,C39 H66 O5,ESI,615.49830147,H-Gain,+,1,13.644717280126137,,
DG(16:0_20:5),XIC,C39 H66 O5,ESI,615.49830147,H-Gain,+,1,13.82928820737926,,
DG(18:1_20:4),XIC,C41 H70 O5,ESI,643.5296014700001,H-Gain,+,1,15.447,,
DG(18:1_20:5),XIC,C41 H68 O5,ESI,641.51395147,H-Gain,+,1,13.65068774126517,,
DG(18:1_20:5),XIC,C41 H68 O5,ESI,641.51395147,H-Gain,+,1,13.774949810823912,,
LPC(14:1),XIC,C22 H44 O7 N1 P1,ESI,466.29281847000004,H-Gain,+,1,1.6477816165830788,,
LPC(16:0),XIC,C24 H50 O7 N1 P1,ESI,540.33069553,HCO2-Gain,-,1,2.8650626839844424,,
LPC(16:0),XIC,C24 H50 O7 N1 P1,ESI,496.3397684700001,H-Gain,+,1,2.8650626839844424,,
LPC(16:0),XIC,C24 H50 O7 N1 P1,ESI,540.33069553,HCO2-Gain,-,1,3.108726794836644,,
LPC(16:0),XIC,C24 H50 O7 N1 P1,ESI,496.3397684700001,H-Gain,+,1,3.108726794836644,,
LPC(16:0),XIC,C24 H50 O7 N1 P1,ESI,496.3397684700001,H-Gain,+,1,3.65992318507232,,
LPC(16:0),XIC,C24 H50 O7 N1 P1,ESI,496.3397684700001,H-Gain,+,1,3.931,,
LPC(16:0),XIC,C24 H50 O7 N1 P1,ESI,496.3397684700001,H-Gain,+,1,4.05,,
LPC(16:1),XIC,C24 H48 O7 N1 P1,ESI,538.3150455299999,HCO2-Gain,-,1,2.157169219395278,,
LPC(16:1),XIC,C24 H48 O7 N1 P1,ESI,494.32411847000003,H-Gain,+,1,2.157169219395278,,
LPC(16:1),XIC,C24 H48 O7 N1 P1,ESI,538.3150455299999,HCO2-Gain,-,1,2.322559942559711,,
LPC(16:1),XIC,C24 H48 O7 N1 P1,ESI,494.32411847000003,H-Gain,+,1,2.322559942559711,,
LPC(16:1),XIC,C24 H48 O7 N1 P1,ESI,494.32411847000003,H-Gain,+,1,2.782,,
LPC(16:2),XIC,C24 H46 O7 N1 P1,ESI,492.30846847000004,H-Gain,+,1,1.772,,
LPC(17:0),XIC,C25 H52 O7 N1 P1,ESI,510.35541847,H-Gain,+,1,3.68602666202597,,
LPC(18:0),XIC,C26 H54 O7 N1 P1,ESI,524.37106847,H-Gain,+,1,3.934,,
LPC(18:0),XIC,C26 H54 O7 N1 P1,ESI,568.3619955299998,HCO2-Gain,-,1,4.130282734616397,,
LPC(18:0),XIC,C26 H54 O7 N1 P1,ESI,524.37106847,H-Gain,+,1,4.130282734616397,,
LPC(18:1),XIC,C26 H52 O7 N1 P1,ESI,566.3463455299999,HCO2-Gain,-,1,3.0576474529090847,,
LPC(18:1),XIC,C26 H52 O7 N1 P1,ESI,522.35541847,H-Gain,+,1,3.0576474529090847,,
LPC(18:1),XIC,C26 H52 O7 N1 P1,ESI,566.3463455299999,HCO2-Gain,-,1,3.2745071216849375,,
LPC(18:1),XIC,C26 H52 O7 N1 P1,ESI,522.35541847,H-Gain,+,1,3.2745071216849375,,
LPC(18:1),XIC,C26 H52 O7 N1 P1,ESI,522.35541847,H-Gain,+,1,3.8754931326256683,,
LPC(18:1),XIC,C26 H52 O7 N1 P1,ESI,566.3463455299999,HCO2-Gain,-,1,3.8754931326256683,,
LPC(18:1),XIC,C26 H52 O7 N1 P1,ESI,522.35541847,H-Gain,+,1,3.9957504346387758,,
LPC(18:2),XIC,C26 H50 O7 N1 P1,ESI,564.33069553,HCO2-Gain,-,1,2.37885093946047,,
LPC(18:2),XIC,C26 H50 O7 N1 P1,ESI,520.3397684700001,H-Gain,+,1,2.37885093946047,,
LPC(18:2),XIC,C26 H50 O7 N1 P1,ESI,520.3397684700001,H-Gain,+,1,3.1922679072709483,,
LPC(18:3),XIC,C26 H48 O7 N1 P1,ESI,562.3150455299999,HCO2-Gain,-,1,1.9473729784929248,,
LPC(18:3),XIC,C26 H48 O7 N1 P1,ESI,518.32411847,H-Gain,+,1,1.9473729784929248,,
LPC(18:3),XIC,C26 H48 O7 N1 P1,ESI,518.32411847,H-Gain,+,1,2.8656449123697136,,
LPC(18:4),XIC,C26 H46 O7 N1 P1,ESI,516.30846847,H-Gain,+,1,1.6797234097663227,,
LPC(18:4),XIC,C26 H46 O7 N1 P1,ESI,516.30846847,H-Gain,+,1,2.151645458006762,,
LPC(20:4),XIC,C28 H50 O7 N1 P1,ESI,544.3397684700001,H-Gain,+,1,3.0556513015397426,,
LPC(20:5),XIC,C28 H48 O7 N1 P1,ESI,542.32411847,H-Gain,+,1,2.3767778266059185,,
LPC(35:1),XIC,C43 H86 O7 N1 P1,ESI,760.6214684700001,H-Gain,+,1,17.287,,
PA(18:1_18:1),XIC,C39 H73 O8 N0 P1,ESI,718.53813347,NH4-Gain,+,1,11.893,,
PC(8:0e_9:0),XIC,C25 H52 O7 N1 P1,ESI,510.35541846999996,H-Gain,+,1,3.78,,
PC(8:1e_10:0),XIC,C26 H52 O7 N1 P1,ESI,566.3463455299999,HCO2-Gain,-,1,3.0559706073823585,,
PC(8:1e_10:0),XIC,C26 H52 O7 N1 P1,ESI,566.3463455299999,HCO2-Gain,-,1,3.2842794524081635,,
PC(16:0_12:0),XIC,C36 H72 O8 N1 P1,ESI,678.5068334700001,H-Gain,+,1,7.3621392042079945,,
PC(6:0_22:1),XIC,C36 H70 O8 N1 P1,ESI,676.4911834700001,H-Gain,+,1,6.197,,
PC(16:0_14:0),XIC,C38 H76 O8 N1 P1,ESI,706.5381334700002,H-Gain,+,1,9.049516739188926,,
PC(16:0_14:0),XIC,C38 H76 O8 N1 P1,ESI,706.5381334700002,H-Gain,+,1,9.209910751009641,,
PC(16:1_14:0),XIC,C38 H74 O8 N1 P1,ESI,704.5224834700001,H-Gain,+,1,7.46659783117921,,
PC(6:0_24:2),XIC,C38 H72 O8 N1 P1,ESI,702.5068334700001,H-Gain,+,1,6.394815712342537,,
PC(6:0_24:2),XIC,C38 H72 O8 N1 P1,ESI,702.5068334700001,H-Gain,+,1,6.558071783480503,,
PC(6:0_24:2),XIC,C38 H72 O8 N1 P1,ESI,702.5068334700001,H-Gain,+,1,6.957505386112607,,
PC(8:0_22:3),XIC,C38 H70 O8 N1 P1,ESI,700.4911834700001,H-Gain,+,1,5.636033068555272,,
PC(8:0_22:3),XIC,C38 H70 O8 N1 P1,ESI,700.4911834700001,H-Gain,+,1,6.181090975736874,,
PC(8:0_22:4),XIC,C38 H68 O8 N1 P1,ESI,698.4755334700002,H-Gain,+,1,6.092,,
PC(8:0_23:1),XIC,C39 H76 O8 N1 P1,ESI,718.5381334700002,H-Gain,+,1,7.968,,
PC(20:0_11:2),XIC,C39 H74 O8 N1 P1,ESI,716.5224834700001,H-Gain,+,1,10.297,,
PC(16:0_16:0),XIC,C40 H80 O8 N1 P1,ESI,778.5603605299999,HCO2-Gain,-,1,11.165072945794055,,
PC(16:0_16:0),XIC,C40 H80 O8 N1 P1,ESI,734.56943347,H-Gain,+,1,11.165072945794055,,
PC(16:0_16:0),XIC,C40 H80 O8 N1 P1,ESI,778.5603605299999,HCO2-Gain,-,1,11.38109993160762,,
PC(16:0_16:0),XIC,C40 H80 O8 N1 P1,ESI,734.56943347,H-Gain,+,1,11.38109993160762,,
PC(16:0_16:0),XIC,C40 H80 O8 N1 P1,ESI,734.56943347,H-Gain,+,1,11.557437935452088,,
PC(16:0_16:0),XIC,C40 H80 O8 N1 P1,ESI,778.5603605299999,HCO2-Gain,-,1,11.557437935452088,,
PC(16:0_16:1),XIC,C40 H78 O8 N1 P1,ESI,776.54471053,HCO2-Gain,-,1,9.24040147279619,,
PC(16:0_16:1),XIC,C40 H78 O8 N1 P1,ESI,732.5537834700001,H-Gain,+,1,9.24040147279619,,
PC(16:0_16:1),XIC,C40 H78 O8 N1 P1,ESI,776.54471053,HCO2-Gain,-,1,9.404499896370908,,
PC(16:0_16:1),XIC,C40 H78 O8 N1 P1,ESI,732.5537834700001,H-Gain,+,1,9.404499896370908,,
PC(16:0_16:1),XIC,C40 H78 O8 N1 P1,ESI,732.5537834700001,H-Gain,+,1,10.347,,
PC(16:1_16:1),XIC,C40 H76 O8 N1 P1,ESI,774.52906053,HCO2-Gain,-,1,7.63883502472124,,
PC(16:1_16:1),XIC,C40 H76 O8 N1 P1,ESI,730.5381334700002,H-Gain,+,1,7.63883502472124,,
PC(16:1_16:1),XIC,C40 H76 O8 N1 P1,ESI,774.52906053,HCO2-Gain,-,1,7.779474964676823,,
PC(16:1_16:1),XIC,C40 H76 O8 N1 P1,ESI,730.5381334700002,H-Gain,+,1,7.779474964676823,,
PC(14:0_18:3),XIC,C40 H74 O8 N1 P1,ESI,728.5224834700001,H-Gain,+,1,6.82521310733771,,
PC(14:0_18:3),XIC,C40 H74 O8 N1 P1,ESI,728.5224834700001,H-Gain,+,1,6.95417278484937,,
PC(21:1_11:3),XIC,C40 H72 O8 N1 P1,ESI,726.5068334700001,H-Gain,+,1,6.043,,
PC(25:1_8:0),XIC,C41 H80 O8 N1 P1,ESI,746.56943347,H-Gain,+,1,9.796358910496624,,
PC(25:1_8:0),XIC,C41 H80 O8 N1 P1,ESI,746.56943347,H-Gain,+,1,10.049,,
PC(25:1_8:0),XIC,C41 H80 O8 N1 P1,ESI,746.56943347,H-Gain,+,1,10.319579497381786,,
PC(25:1_8:0),XIC,C41 H80 O8 N1 P1,ESI,746.56943347,H-Gain,+,1,10.513286779668713,,
PC(25:1_8:0),XIC,C41 H80 O8 N1 P1,ESI,746.56943347,H-Gain,+,1,14.235,,
PC(25:1_8:0),XIC,C41 H80 O8 N1 P1,ESI,746.56943347,H-Gain,+,1,14.64763065470146,,
PC(17:1_16:1),XIC,C41 H78 O8 N1 P1,ESI,744.55378347,H-Gain,+,1,8.721,,
PC(18:0_16:0),XIC,C42 H84 O8 N1 P1,ESI,806.59166053,HCO2-Gain,-,1,13.74264427978844,,
PC(18:0_16:0),XIC,C42 H84 O8 N1 P1,ESI,762.6007334700001,H-Gain,+,1,13.74264427978844,,
PC(18:0_16:0),XIC,C42 H84 O8 N1 P1,ESI,806.59166053,HCO2-Gain,-,1,13.987659163898261,,
PC(18:0_16:0),XIC,C42 H84 O8 N1 P1,ESI,762.6007334700001,H-Gain,+,1,13.987659163898261,,
PC(18:0_16:0),XIC,C42 H84 O8 N1 P1,ESI,762.6007334700001,H-Gain,+,1,14.107190850334316,,
PC(18:0_16:0),XIC,C42 H84 O8 N1 P1,ESI,806.59166053,HCO2-Gain,-,1,14.107190850334316,,
PC(18:0_16:0),XIC,C42 H84 O8 N1 P1,ESI,762.6007334700001,H-Gain,+,1,14.223,,
PC(16:0_18:1),XIC,C42 H82 O8 N1 P1,ESI,804.57601053,HCO2-Gain,-,1,11.329801197510102,,
PC(16:0_18:1),XIC,C42 H82 O8 N1 P1,ESI,760.5850834700001,H-Gain,+,1,11.329801197510102,,
PC(16:0_18:1),XIC,C42 H82 O8 N1 P1,ESI,798.5409664700001,K-Gain,+,1,11.329801197510102,,
PC(16:0_18:1),XIC,C42 H82 O8 N1 P1,ESI,804.57601053,HCO2-Gain,-,1,11.515588798167698,,
PC(16:0_18:1),XIC,C42 H82 O8 N1 P1,ESI,760.5850834700001,H-Gain,+,1,11.515588798167698,,
PC(16:0_18:1),XIC,C42 H82 O8 N1 P1,ESI,798.5409664700001,K-Gain,+,1,11.515588798167698,,
PC(16:0_18:1),XIC,C42 H82 O8 N1 P1,ESI,760.5850834700001,H-Gain,+,1,11.6599443900188,,
PC(16:0_18:1),XIC,C42 H82 O8 N1 P1,ESI,804.57601053,HCO2-Gain,-,1,11.6599443900188,,
PC(16:0_18:1),XIC,C42 H82 O8 N1 P1,ESI,760.5850834700001,H-Gain,+,1,14.032741389291136,,
PC(16:0_18:1),XIC,C42 H82 O8 N1 P1,ESI,804.57601053,HCO2-Gain,-,1,14.032741389291136,,
PC(16:0_18:2),XIC,C42 H80 O8 N1 P1,ESI,802.5603605299999,HCO2-Gain,-,1,9.626019281465739,,
PC(16:0_18:2),XIC,C42 H80 O8 N1 P1,ESI,758.56943347,H-Gain,+,1,9.626019281465739,,
PC(16:0_18:2),XIC,C42 H80 O8 N1 P1,ESI,796.52531647,K-Gain,+,1,9.626019281465739,,
PC(16:0_18:2),XIC,C42 H80 O8 N1 P1,ESI,802.5603605299999,HCO2-Gain,-,1,9.78592482391462,,
PC(16:0_18:2),XIC,C42 H80 O8 N1 P1,ESI,758.56943347,H-Gain,+,1,9.78592482391462,,
PC(16:0_18:2),XIC,C42 H80 O8 N1 P1,ESI,758.56943347,H-Gain,+,1,9.893108611548172,,
PC(16:0_18:2),XIC,C42 H80 O8 N1 P1,ESI,802.5603605299999,HCO2-Gain,-,1,9.893108611548172,,
PC(12:0_22:2),XIC,C42 H80 O8 N1 P1,ESI,758.56943347,H-Gain,+,1,27.325972454647918,,
PC(23:1_11:1),XIC,C42 H80 O8 N1 P1,ESI,758.56943347,H-Gain,+,1,27.546,,
PC(16:1_18:2),XIC,C42 H78 O8 N1 P1,ESI,800.5447105299999,HCO2-Gain,-,1,7.979705441957429,,
PC(16:1_18:2),XIC,C42 H78 O8 N1 P1,ESI,756.55378347,H-Gain,+,1,7.979705441957429,,
PC(16:1_18:2),XIC,C42 H78 O8 N1 P1,ESI,794.50966647,K-Gain,+,1,7.979705441957429,,
PC(16:1_18:2),XIC,C42 H78 O8 N1 P1,ESI,756.55378347,H-Gain,+,1,8.11872483148783,,
PC(16:1_18:2),XIC,C42 H78 O8 N1 P1,ESI,800.5447105299999,HCO2-Gain,-,1,8.11872483148783,,
PC(16:0_18:3),XIC,C42 H78 O8 N1 P1,ESI,800.5447105299999,HCO2-Gain,-,1,8.408528473439565,,
PC(16:0_18:3),XIC,C42 H78 O8 N1 P1,ESI,756.55378347,H-Gain,+,1,8.408528473439565,,
PC(16:0_18:3),XIC,C42 H78 O8 N1 P1,ESI,800.5447105299999,HCO2-Gain,-,1,8.555356688051937,,
PC(16:0_18:3),XIC,C42 H78 O8 N1 P1,ESI,756.55378347,H-Gain,+,1,8.555356688051937,,
PC(16:0_18:3),XIC,C42 H78 O8 N1 P1,ESI,756.55378347,H-Gain,+,1,11.330747760105227,,
PC(16:0_18:3),XIC,C42 H78 O8 N1 P1,ESI,756.55378347,H-Gain,+,1,11.472413133094808,,
PC(16:1_18:3),XIC,C42 H76 O8 N1 P1,ESI,798.52906053,HCO2-Gain,-,1,6.960869221986798,,
PC(16:1_18:3),XIC,C42 H76 O8 N1 P1,ESI,754.5381334700002,H-Gain,+,1,6.960869221986798,,
PC(16:1_18:3),XIC,C42 H76 O8 N1 P1,ESI,792.4940164700001,K-Gain,+,1,6.960869221986798,,
PC(16:1_18:3),XIC,C42 H76 O8 N1 P1,ESI,754.5381334700002,H-Gain,+,1,7.074069285883764,,
PC(16:1_18:3),XIC,C42 H76 O8 N1 P1,ESI,798.52906053,HCO2-Gain,-,1,7.074069285883764,,
PC(16:1_18:3),XIC,C42 H76 O8 N1 P1,ESI,754.5381334700002,H-Gain,+,1,7.59626206187174,,
PC(18:4_16:0),XIC,C42 H76 O8 N1 P1,ESI,754.5381334700002,H-Gain,+,1,8.27814074474037,,
PC(16:1_18:3),XIC,C42 H76 O8 N1 P1,ESI,754.5381334700002,H-Gain,+,1,9.22155805132892,,
PC(18:4_16:0),XIC,C42 H76 O8 N1 P1,ESI,754.5381334700002,H-Gain,+,1,9.381819011166797,,
PC(18:4_16:0),XIC,C42 H76 O8 N1 P1,ESI,754.5381334700002,H-Gain,+,1,9.496026295177515,,
PC(18:4_16:1),XIC,C42 H74 O8 N1 P1,ESI,752.5224834700001,H-Gain,+,1,7.687010529705758,,
PC(17:0_18:1),XIC,C43 H84 O8 N1 P1,ESI,774.6007334700001,H-Gain,+,1,12.043953689181862,,
PC(17:0_18:1),XIC,C43 H84 O8 N1 P1,ESI,774.6007334700001,H-Gain,+,1,12.630963565665587,,
PC(17:0_18:2),XIC,C43 H82 O8 N1 P1,ESI,772.5850834700001,H-Gain,+,1,10.386364927537858,,
PC(17:0_18:2),XIC,C43 H82 O8 N1 P1,ESI,772.5850834700001,H-Gain,+,1,10.530135562229487,,
PC(17:0_18:3),XIC,C43 H80 O8 N1 P1,ESI,770.56943347,H-Gain,+,1,8.929916160966497,,
PC(17:1_18:2),XIC,C43 H80 O8 N1 P1,ESI,770.56943347,H-Gain,+,1,9.088604755349438,,
PC(17:1_18:2),XIC,C43 H80 O8 N1 P1,ESI,770.56943347,H-Gain,+,1,9.250227034476493,,
PC(17:1_18:3),XIC,C43 H78 O8 N1 P1,ESI,768.55378347,H-Gain,+,1,7.710884350765768,,
PC(17:1_18:3),XIC,C43 H78 O8 N1 P1,ESI,768.55378347,H-Gain,+,1,7.9459559415311825,,
PC(18:0_18:1),XIC,C44 H86 O8 N1 P1,ESI,832.6073105300001,HCO2-Gain,-,1,13.92901171115392,,
PC(18:0_18:1),XIC,C44 H86 O8 N1 P1,ESI,788.6163834700002,H-Gain,+,1,13.92901171115392,,
PC(18:0_18:1),XIC,C44 H86 O8 N1 P1,ESI,832.6073105300001,HCO2-Gain,-,1,14.15543195937617,,
PC(18:0_18:1),XIC,C44 H86 O8 N1 P1,ESI,788.6163834700002,H-Gain,+,1,14.15543195937617,,
PC(18:0_18:1),XIC,C44 H86 O8 N1 P1,ESI,832.6073105300001,HCO2-Gain,-,1,14.27305984592061,,
PC(18:0_18:1),XIC,C44 H86 O8 N1 P1,ESI,788.6163834700002,H-Gain,+,1,14.27305984592061,,
PC(18:1_18:1),XIC,C44 H84 O8 N1 P1,ESI,830.59166053,HCO2-Gain,-,1,11.473687983959964,,
PC(18:1_18:1),XIC,C44 H84 O8 N1 P1,ESI,786.6007334700001,H-Gain,+,1,11.473687983959964,,
PC(18:1_18:1),XIC,C44 H84 O8 N1 P1,ESI,830.59166053,HCO2-Gain,-,1,11.643728213079704,,
PC(18:1_18:1),XIC,C44 H84 O8 N1 P1,ESI,786.6007334700001,H-Gain,+,1,11.643728213079704,,
PC(18:1_18:1),XIC,C44 H84 O8 N1 P1,ESI,830.59166053,HCO2-Gain,-,1,11.764055354696358,,
PC(18:1_18:1),XIC,C44 H84 O8 N1 P1,ESI,786.6007334700001,H-Gain,+,1,11.764055354696358,,
PC(18:1_18:1),XIC,C44 H84 O8 N1 P1,ESI,786.6007334700001,H-Gain,+,1,12.143012137991333,,
PC(18:1_18:1),XIC,C44 H84 O8 N1 P1,ESI,830.59166053,HCO2-Gain,-,1,12.143012137991333,,
PC(18:1_18:1),XIC,C44 H84 O8 N1 P1,ESI,786.6007334700001,H-Gain,+,1,12.292031633731698,,
PC(18:1_18:1),XIC,C44 H84 O8 N1 P1,ESI,830.59166053,HCO2-Gain,-,1,12.292031633731698,,
PC(16:2_20:0),XIC,C44 H84 O8 N1 P1,ESI,786.6007334700001,H-Gain,+,1,26.854,,
PC(18:1_18:2),XIC,C44 H82 O8 N1 P1,ESI,828.57601053,HCO2-Gain,-,1,9.806035388917834,,
PC(18:1_18:2),XIC,C44 H82 O8 N1 P1,ESI,784.5850834700001,H-Gain,+,1,9.806035388917834,,
PC(18:1_18:2),XIC,C44 H82 O8 N1 P1,ESI,828.57601053,HCO2-Gain,-,1,9.947311647431489,,
PC(18:1_18:2),XIC,C44 H82 O8 N1 P1,ESI,784.5850834700001,H-Gain,+,1,9.947311647431489,,
PC(18:1_18:2),XIC,C44 H82 O8 N1 P1,ESI,784.5850834700001,H-Gain,+,1,10.051647466138675,,
PC(18:1_18:2),XIC,C44 H82 O8 N1 P1,ESI,828.57601053,HCO2-Gain,-,1,10.051647466138675,,
PC(18:1_18:2),XIC,C44 H82 O8 N1 P1,ESI,784.5850834700001,H-Gain,+,1,10.649721788721719,,
PC(18:1_18:2),XIC,C44 H82 O8 N1 P1,ESI,828.57601053,HCO2-Gain,-,1,10.649721788721719,,
PC(18:1_18:2),XIC,C44 H82 O8 N1 P1,ESI,784.5850834700001,H-Gain,+,1,10.767075451091179,,
PC(18:1_18:2),XIC,C44 H82 O8 N1 P1,ESI,828.57601053,HCO2-Gain,-,1,10.767075451091179,,
PC(18:1_18:2),XIC,C44 H82 O8 N1 P1,ESI,784.5850834700001,H-Gain,+,1,11.868068606862895,,
PC(18:1_18:3),XIC,C44 H80 O8 N1 P1,ESI,826.5603605299999,HCO2-Gain,-,1,8.531520862359104,,
PC(18:1_18:3),XIC,C44 H80 O8 N1 P1,ESI,782.56943347,H-Gain,+,1,8.531520862359104,,
PC(18:1_18:3),XIC,C44 H80 O8 N1 P1,ESI,826.5603605299999,HCO2-Gain,-,1,8.691319451465379,,
PC(18:1_18:3),XIC,C44 H80 O8 N1 P1,ESI,782.56943347,H-Gain,+,1,8.691319451465379,,
PC(18:2_18:2),XIC,C44 H80 O8 N1 P1,ESI,782.56943347,H-Gain,+,1,11.336355154540989,,
PC(16:0_20:4),XIC,C44 H80 O8 N1 P1,ESI,782.56943347,H-Gain,+,1,11.520028561319783,,
PC(16:0_20:4),XIC,C44 H80 O8 N1 P1,ESI,782.56943347,H-Gain,+,1,11.640864577387983,,
PC(18:1_18:3),XIC,C44 H80 O8 N1 P1,ESI,782.56943347,H-Gain,+,1,26.891991632177245,,
PC(18:3_18:2),XIC,C44 H78 O8 N1 P1,ESI,824.5447105299999,HCO2-Gain,-,1,7.299504331018505,,
PC(18:3_18:2),XIC,C44 H78 O8 N1 P1,ESI,780.55378347,H-Gain,+,1,7.299504331018505,,
PC(18:3_18:2),XIC,C44 H78 O8 N1 P1,ESI,818.50966647,K-Gain,+,1,7.299504331018505,,
PC(18:3_18:2),XIC,C44 H78 O8 N1 P1,ESI,780.55378347,H-Gain,+,1,7.431947033204174,,
PC(18:3_18:2),XIC,C44 H78 O8 N1 P1,ESI,824.5447105299999,HCO2-Gain,-,1,7.431947033204174,,
PC(16:1_20:4),XIC,C44 H78 O8 N1 P1,ESI,780.55378347,H-Gain,+,1,9.503169796960082,,
PC(16:1_20:4),XIC,C44 H78 O8 N1 P1,ESI,780.55378347,H-Gain,+,1,9.68561090113957,,
PC(18:3_18:3),XIC,C44 H76 O8 N1 P1,ESI,822.52906053,HCO2-Gain,-,1,6.376799861480526,,
PC(18:3_18:3),XIC,C44 H76 O8 N1 P1,ESI,816.4940164700001,K-Gain,+,1,6.376799861480526,,
PC(18:3_18:3),XIC,C44 H76 O8 N1 P1,ESI,778.5381334700002,H-Gain,+,1,6.376799861480526,,
PC(18:3_18:3),XIC,C44 H76 O8 N1 P1,ESI,778.5381334700002,H-Gain,+,1,6.488715126528187,,
PC(18:4_18:2),XIC,C44 H76 O8 N1 P1,ESI,778.5381334700002,H-Gain,+,1,7.979472174297292,,
PC(18:3_18:3),XIC,C44 H76 O8 N1 P1,ESI,778.5381334700002,H-Gain,+,1,8.125631174034936,,
PC(18:3_18:3),XIC,C44 H76 O8 N1 P1,ESI,778.5381334700002,H-Gain,+,1,8.402573177731835,,
PC(18:3_18:3),XIC,C44 H76 O8 N1 P1,ESI,778.5381334700002,H-Gain,+,1,8.540217343298357,,
PC(18:4_18:3),XIC,C44 H74 O8 N1 P1,ESI,776.5224834700001,H-Gain,+,1,5.801,,
PC(18:4_18:3),XIC,C44 H74 O8 N1 P1,ESI,776.5224834700001,H-Gain,+,1,6.9620558519010345,,
PC(22:4_14:3),XIC,C44 H74 O8 N1 P1,ESI,776.5224834700001,H-Gain,+,1,7.0892260441079005,,
PC(19:0_18:1),XIC,C45 H88 O8 N1 P1,ESI,802.63203347,H-Gain,+,1,14.447,,
PC(20:0_18:3),XIC,C46 H86 O8 N1 P1,ESI,812.61638347,H-Gain,+,1,13.072,,
PC(18:1_20:4),XIC,C46 H82 O8 N1 P1,ESI,808.5850834700001,H-Gain,+,1,11.52356868536541,,
PC(18:1_20:4),XIC,C46 H82 O8 N1 P1,ESI,808.5850834700001,H-Gain,+,1,11.695557586100518,,
PC(18:1_20:4),XIC,C46 H82 O8 N1 P1,ESI,808.5850834700001,H-Gain,+,1,11.827,,
PC(18:1_20:5),XIC,C46 H80 O8 N1 P1,ESI,806.56943347,H-Gain,+,1,8.303,,
PC(18:1_20:5),XIC,C46 H80 O8 N1 P1,ESI,806.56943347,H-Gain,+,1,9.888282379255488,,
PC(18:2_20:4),XIC,C46 H80 O8 N1 P1,ESI,806.56943347,H-Gain,+,1,10.012,,
PC(20:5_18:2),XIC,C46 H78 O8 N1 P1,ESI,804.55378347,H-Gain,+,1,8.316035316452663,,
PC(18:3_20:4),XIC,C46 H78 O8 N1 P1,ESI,804.55378347,H-Gain,+,1,8.622990539411328,,
PC(18:3_20:5),XIC,C46 H76 O8 N1 P1,ESI,802.5381334700002,H-Gain,+,1,7.246952069964056,,
PE(10:0e_6:0),XIC,C21 H44 O7 N1 P1,ESI,454.2928184700001,H-Gain,+,1,3.1971902129536733,,
PE(10:0p_6:0),XIC,C21 H42 O7 N1 P1,ESI,452.27716847000005,H-Gain,+,1,2.235196016435196,,
PE(10:0p_6:0),XIC,C21 H42 O7 N1 P1,ESI,452.27716847000005,H-Gain,+,1,2.3544256561951094,,
PE(8:0e_9:0),XIC,C22 H46 O7 N1 P1,ESI,468.30846847000004,H-Gain,+,1,3.76,,
PE(8:0e_10:0),XIC,C23 H48 O7 N1 P1,ESI,482.3241184700001,H-Gain,+,1,4.196267181174962,,
PE(8:1e_10:0),XIC,C23 H46 O7 N1 P1,ESI,480.30846847000004,H-Gain,+,1,3.181587030796866,,
PE(8:1e_10:0),XIC,C23 H46 O7 N1 P1,ESI,478.29391553,H-Loss,-,1,3.181587030796866,,
PE(8:1e_10:0),XIC,C23 H46 O7 N1 P1,ESI,480.30846847000004,H-Gain,+,1,3.3790875310188255,,
PE(8:1e_10:0),XIC,C23 H46 O7 N1 P1,ESI,480.30846847000004,H-Gain,+,1,3.6678485598228443,,
PE(8:1e_10:0),XIC,C23 H46 O7 N1 P1,ESI,480.30846847000004,H-Gain,+,1,3.9415760652496883,,
PE(8:1e_10:1),XIC,C23 H44 O7 N1 P1,ESI,478.2928184700001,H-Gain,+,1,2.475033476456612,,
PE(8:1e_10:1),XIC,C23 H44 O7 N1 P1,ESI,478.2928184700001,H-Gain,+,1,2.6181061188921495,,
PE(8:0e_10:3),XIC,C23 H42 O7 N1 P1,ESI,476.27716847000005,H-Gain,+,1,1.9977461971342017,,
PE(10:0e_10:4),XIC,C25 H44 O7 N1 P1,ESI,502.2928184700001,H-Gain,+,1,3.176,,
PE(17:0_14:1),XIC,C36 H70 O8 N1 P1,ESI,676.4911834700001,H-Gain,+,1,6.10859166181013,,
PE(16:0_16:0),XIC,C37 H74 O8 N1 P1,ESI,690.50793053,H-Loss,-,1,11.667985489290446,,
PE(16:0_16:0),XIC,C37 H74 O8 N1 P1,ESI,690.50793053,H-Loss,-,1,11.867942521909,,
PE(16:0_16:0),XIC,C37 H74 O8 N1 P1,ESI,690.50793053,H-Loss,-,1,11.999,,
PE(16:0_16:1),XIC,C37 H72 O8 N1 P1,ESI,688.4922805299999,H-Loss,-,1,9.673951645762013,,
PE(16:0_16:1),XIC,C37 H72 O8 N1 P1,ESI,690.5068334700001,H-Gain,+,1,9.673951645762013,,
PE(16:0_16:1),XIC,C37 H72 O8 N1 P1,ESI,688.4922805299999,H-Loss,-,1,9.85046841319091,,
PE(16:0_16:1),XIC,C37 H72 O8 N1 P1,ESI,690.5068334700001,H-Gain,+,1,9.85046841319091,,
PE(16:1_16:1),XIC,C37 H70 O8 N1 P1,ESI,686.47663053,H-Loss,-,1,7.951171894571959,,
PE(16:1_16:1),XIC,C37 H70 O8 N1 P1,ESI,688.4911834700001,H-Gain,+,1,7.951171894571959,,
PE(16:1_16:1),XIC,C37 H70 O8 N1 P1,ESI,686.47663053,H-Loss,-,1,8.073950880795126,,
PE(16:1_16:1),XIC,C37 H70 O8 N1 P1,ESI,688.4911834700001,H-Gain,+,1,8.073950880795126,,
PE(14:0_18:3),XIC,C37 H68 O8 N1 P1,ESI,686.4755334700002,H-Gain,+,1,7.080267256777488,,
PE(14:0_18:3),XIC,C37 H68 O8 N1 P1,ESI,684.46098053,H-Loss,-,1,7.080267256777488,,
PE(17:1_16:0),XIC,C38 H74 O8 N1 P1,ESI,702.50793053,H-Loss,-,1,10.724,,
PE(9:0_24:2),XIC,C38 H72 O8 N1 P1,ESI,702.5068334700001,H-Gain,+,1,9.116,,
PE(10:0p_24:0),XIC,C39 H78 O7 N1 P1,ESI,704.5588684700001,H-Gain,+,1,13.570904732854723,,
PE(10:0p_24:0),XIC,C39 H78 O7 N1 P1,ESI,704.5588684700001,H-Gain,+,1,13.725080208950123,,
PE(10:0p_24:0),XIC,C39 H78 O7 N1 P1,ESI,704.5588684700001,H-Gain,+,1,13.936152893854478,,
PE(10:0p_24:0),XIC,C39 H78 O7 N1 P1,ESI,704.5588684700001,H-Gain,+,1,14.043,,
PE(16:0_18:1),XIC,C39 H76 O8 N1 P1,ESI,716.5235805299999,H-Loss,-,1,11.873428808561961,,
PE(16:0_18:1),XIC,C39 H76 O8 N1 P1,ESI,718.53813347,H-Gain,+,1,11.873428808561961,,
PE(16:0_18:1),XIC,C39 H76 O8 N1 P1,ESI,716.5235805299999,H-Loss,-,1,12.04624704103597,,
PE(16:0_18:1),XIC,C39 H76 O8 N1 P1,ESI,718.53813347,H-Gain,+,1,12.04624704103597,,
PE(16:0_18:1),XIC,C39 H76 O8 N1 P1,ESI,718.53813347,H-Gain,+,1,11.911014029951069,,
PE(16:0_18:1),XIC,C39 H76 O8 N1 P1,ESI,716.5235805299999,H-Loss,-,1,11.911014029951069,,
PE(16:0_18:1),XIC,C39 H76 O8 N1 P1,ESI,716.5235805299999,H-Loss,-,1,12.204853679267918,,
PE(16:0_18:1),XIC,C39 H76 O8 N1 P1,ESI,716.5235805299999,H-Loss,-,1,14.765071195357507,,
PE(16:0_18:1),XIC,C39 H76 O8 N1 P1,ESI,716.5235805299999,H-Loss,-,1,26.86,,
PE(16:0e_18:1),XIC,C39 H78 O7 N1 P1,ESI,702.54431553,H-Loss,-,1,13.542195974183155,,
PE(18:0e_16:1),XIC,C39 H78 O7 N1 P1,ESI,702.54431553,H-Loss,-,1,13.690600172501037,,
PE(18:0e_16:1),XIC,C39 H78 O7 N1 P1,ESI,702.54431553,H-Loss,-,1,13.797,,
PE(16:1_18:1),XIC,C39 H74 O8 N1 P1,ESI,714.50793053,H-Loss,-,1,9.820139512839006,,
PE(16:1_18:1),XIC,C39 H74 O8 N1 P1,ESI,716.5224834700001,H-Gain,+,1,9.820139512839006,,
PE(16:1_18:1),XIC,C39 H74 O8 N1 P1,ESI,714.50793053,H-Loss,-,1,10.00458866840975,,
PE(16:1_18:1),XIC,C39 H74 O8 N1 P1,ESI,716.5224834700001,H-Gain,+,1,10.00458866840975,,
PE(16:0_18:2),XIC,C39 H74 O8 N1 P1,ESI,714.50793053,H-Loss,-,1,10.150374253752833,,
PE(16:0_18:2),XIC,C39 H74 O8 N1 P1,ESI,716.5224834700001,H-Gain,+,1,10.150374253752833,,
PE(16:0_18:2),XIC,C39 H74 O8 N1 P1,ESI,714.50793053,H-Loss,-,1,10.299542511101295,,
PE(16:0_18:2),XIC,C39 H74 O8 N1 P1,ESI,716.5224834700001,H-Gain,+,1,10.299542511101295,,
PE(16:2_18:0),XIC,C39 H74 O8 N1 P1,ESI,716.5224834700001,H-Gain,+,1,11.422,,
PE(16:1_18:1),XIC,C39 H74 O8 N1 P1,ESI,714.50793053,H-Loss,-,1,11.709149493142668,,
PE(16:0e_18:2),XIC,C39 H76 O7 N1 P1,ESI,700.5286655299999,H-Loss,-,1,11.624,,
PE(16:0e_18:2),XIC,C39 H76 O7 N1 P1,ESI,700.5286655299999,H-Loss,-,1,11.830983780255002,,
PE(20:0e_14:2),XIC,C39 H76 O7 N1 P1,ESI,702.54321847,H-Gain,+,1,11.939,,
PE(16:1e_18:1),XIC,C39 H76 O7 N1 P1,ESI,700.5286655299999,H-Loss,-,1,13.240386870736362,,
PE(16:1_18:2),XIC,C39 H72 O8 N1 P1,ESI,712.4922805299999,H-Loss,-,1,8.321597413047797,,
PE(16:1_18:2),XIC,C39 H72 O8 N1 P1,ESI,714.5068334700001,H-Gain,+,1,8.321597413047797,,
PE(16:1_18:2),XIC,C39 H72 O8 N1 P1,ESI,714.5068334700001,H-Gain,+,1,8.469086374587523,,
PE(16:1_18:2),XIC,C39 H72 O8 N1 P1,ESI,712.4922805299999,H-Loss,-,1,8.469086374587523,,
PE(16:0_18:3),XIC,C39 H72 O8 N1 P1,ESI,712.4922805299999,H-Loss,-,1,8.818797225334066,,
PE(16:0_18:3),XIC,C39 H72 O8 N1 P1,ESI,714.5068334700001,H-Gain,+,1,8.818797225334066,,
PE(16:0_18:3),XIC,C39 H72 O8 N1 P1,ESI,712.4922805299999,H-Loss,-,1,8.968078763555589,,
PE(16:0_18:3),XIC,C39 H72 O8 N1 P1,ESI,714.5068334700001,H-Gain,+,1,8.968078763555589,,
PE(16:1_18:3),XIC,C39 H70 O8 N1 P1,ESI,710.47663053,H-Loss,-,1,7.245350231232197,,
PE(16:1_18:3),XIC,C39 H70 O8 N1 P1,ESI,712.4911834700001,H-Gain,+,1,7.245350231232197,,
PE(16:1_18:3),XIC,C39 H70 O8 N1 P1,ESI,712.4911834700001,H-Gain,+,1,7.372601238356211,,
PE(16:1_18:3),XIC,C39 H70 O8 N1 P1,ESI,710.47663053,H-Loss,-,1,7.372601238356211,,
PE(16:0_19:0),XIC,C40 H80 O8 N1 P1,ESI,734.5694334700001,H-Gain,+,1,11.550600860422826,,
PE(16:1_19:0),XIC,C40 H78 O8 N1 P1,ESI,732.5537834700001,H-Gain,+,1,9.466,,
PE(17:0_18:1),XIC,C40 H78 O8 N1 P1,ESI,730.5392305299999,H-Loss,-,1,13.45,,
PE(16:1_19:0),XIC,C40 H78 O8 N1 P1,ESI,732.5537834700001,H-Gain,+,1,26.829,,
PE(25:1_10:1),XIC,C40 H76 O8 N1 P1,ESI,730.53813347,H-Gain,+,1,7.763912021884324,,
PE(17:1_18:1),XIC,C40 H76 O8 N1 P1,ESI,728.5235805299999,H-Loss,-,1,10.851,,
PE(16:2_19:1),XIC,C40 H74 O8 N1 P1,ESI,728.5224834700001,H-Gain,+,1,6.959,,
PE(12:0p_24:0),XIC,C41 H82 O7 N1 P1,ESI,732.5901684700001,H-Gain,+,1,15.75889321133153,,
PE(12:0p_24:0),XIC,C41 H82 O7 N1 P1,ESI,732.5901684700001,H-Gain,+,1,15.94759226831165,,
PE(18:0_18:1),XIC,C41 H80 O8 N1 P1,ESI,744.55488053,H-Loss,-,1,14.369627045838174,,
PE(18:0_18:1),XIC,C41 H80 O8 N1 P1,ESI,746.5694334700001,H-Gain,+,1,14.369627045838174,,
PE(18:0_18:1),XIC,C41 H80 O8 N1 P1,ESI,746.5694334700001,H-Gain,+,1,14.57305416404997,,
PE(18:0_18:1),XIC,C41 H80 O8 N1 P1,ESI,744.55488053,H-Loss,-,1,14.57305416404997,,
PE(18:0_18:1),XIC,C41 H80 O8 N1 P1,ESI,746.5694334700001,H-Gain,+,1,14.684629625910436,,
PE(18:0_18:1),XIC,C41 H80 O8 N1 P1,ESI,744.55488053,H-Loss,-,1,14.684629625910436,,
PE(18:0e_18:1),XIC,C41 H82 O7 N1 P1,ESI,730.5756155299999,H-Loss,-,1,15.756377330226778,,
PE(18:0e_18:1),XIC,C41 H82 O7 N1 P1,ESI,730.5756155299999,H-Loss,-,1,15.93322210465236,,
PE(18:0p_18:1),XIC,C41 H80 O7 N1 P1,ESI,730.5745184700002,H-Gain,+,1,15.425352028770506,,
PE(18:0p_18:1),XIC,C41 H80 O7 N1 P1,ESI,730.5745184700002,H-Gain,+,1,15.625786548249966,,
PE(18:1_18:1),XIC,C41 H78 O8 N1 P1,ESI,742.5392305299999,H-Loss,-,1,12.021886327067193,,
PE(18:1_18:1),XIC,C41 H78 O8 N1 P1,ESI,744.5537834700001,H-Gain,+,1,12.021886327067193,,
PE(18:1_18:1),XIC,C41 H78 O8 N1 P1,ESI,742.5392305299999,H-Loss,-,1,12.185944963866135,,
PE(18:1_18:1),XIC,C41 H78 O8 N1 P1,ESI,744.5537834700001,H-Gain,+,1,12.185944963866135,,
PE(18:1_18:1),XIC,C41 H78 O8 N1 P1,ESI,742.5392305299999,H-Loss,-,1,12.362768897421903,,
PE(18:1_18:1),XIC,C41 H78 O8 N1 P1,ESI,744.5537834700001,H-Gain,+,1,12.362768897421903,,
PE(18:1_18:1),XIC,C41 H78 O8 N1 P1,ESI,742.5392305299999,H-Loss,-,1,12.502205440273384,,
PE(18:1_18:1),XIC,C41 H78 O8 N1 P1,ESI,744.5537834700001,H-Gain,+,1,12.502205440273384,,
PE(18:0_18:2),XIC,C41 H78 O8 N1 P1,ESI,742.5392305299999,H-Loss,-,1,12.665084911715285,,
PE(18:0_18:2),XIC,C41 H78 O8 N1 P1,ESI,744.5537834700001,H-Gain,+,1,12.665084911715285,,
PE(18:0_18:2),XIC,C41 H78 O8 N1 P1,ESI,744.5537834700001,H-Gain,+,1,12.79879157151555,,
PE(18:0_18:2),XIC,C41 H78 O8 N1 P1,ESI,742.5392305299999,H-Loss,-,1,12.79879157151555,,
PE(18:1_18:1),XIC,C41 H78 O8 N1 P1,ESI,742.5392305299999,H-Loss,-,1,12.183930231580224,,
PE(18:1_18:1),XIC,C41 H78 O8 N1 P1,ESI,742.5392305299999,H-Loss,-,1,14.827736974042045,,
PE(12:0e_24:2),XIC,C41 H80 O7 N1 P1,ESI,730.5745184700002,H-Gain,+,1,14.21232081243807,,
PE(18:0e_18:2),XIC,C41 H80 O7 N1 P1,ESI,728.55996553,H-Loss,-,1,14.409986089800158,,
PE(18:0e_18:2),XIC,C41 H80 O7 N1 P1,ESI,730.5745184700002,H-Gain,+,1,14.409986089800158,,
PE(18:0e_18:2),XIC,C41 H80 O7 N1 P1,ESI,728.55996553,H-Loss,-,1,14.537674454510597,,
PE(18:0e_18:2),XIC,C41 H80 O7 N1 P1,ESI,730.5745184700002,H-Gain,+,1,14.537674454510597,,
PE(18:1e_18:1),XIC,C41 H80 O7 N1 P1,ESI,728.55996553,H-Loss,-,1,15.429865553580917,,
PE(18:1e_18:1),XIC,C41 H80 O7 N1 P1,ESI,730.5745184700002,H-Gain,+,1,15.706,,
PE(18:1p_18:1),XIC,C41 H78 O7 N1 P1,ESI,728.5588684700001,H-Gain,+,1,12.474499934419836,,
PE(12:0p_24:2),XIC,C41 H78 O7 N1 P1,ESI,728.5588684700001,H-Gain,+,1,12.76354324814503,,
PE(18:0p_18:2),XIC,C41 H78 O7 N1 P1,ESI,728.5588684700001,H-Gain,+,1,13.779603121912542,,
PE(18:0p_18:2),XIC,C41 H78 O7 N1 P1,ESI,728.5588684700001,H-Gain,+,1,13.993792180180751,,
PE(18:0p_18:2),XIC,C41 H78 O7 N1 P1,ESI,728.5588684700001,H-Gain,+,1,14.134336582931946,,
PE(18:1_18:2),XIC,C41 H76 O8 N1 P1,ESI,740.5235805299999,H-Loss,-,1,10.252204061347307,,
PE(18:1_18:2),XIC,C41 H76 O8 N1 P1,ESI,742.53813347,H-Gain,+,1,10.252204061347307,,
PE(18:1_18:2),XIC,C41 H76 O8 N1 P1,ESI,740.5235805299999,H-Loss,-,1,10.394955858545185,,
PE(18:1_18:2),XIC,C41 H76 O8 N1 P1,ESI,742.53813347,H-Gain,+,1,10.394955858545185,,
PE(18:1_18:2),XIC,C41 H76 O8 N1 P1,ESI,742.53813347,H-Gain,+,1,10.502296020347428,,
PE(18:1_18:2),XIC,C41 H76 O8 N1 P1,ESI,740.5235805299999,H-Loss,-,1,10.502296020347428,,
PE(18:0_18:3),XIC,C41 H76 O8 N1 P1,ESI,740.5235805299999,H-Loss,-,1,10.996416453382421,,
PE(18:0_18:3),XIC,C41 H76 O8 N1 P1,ESI,742.53813347,H-Gain,+,1,10.996416453382421,,
PE(18:0_18:3),XIC,C41 H76 O8 N1 P1,ESI,740.5235805299999,H-Loss,-,1,11.165917509754909,,
PE(18:0_18:3),XIC,C41 H76 O8 N1 P1,ESI,742.53813347,H-Gain,+,1,11.165917509754909,,
PE(18:1_18:2),XIC,C41 H76 O8 N1 P1,ESI,742.53813347,H-Gain,+,1,11.278138776238238,,
PE(18:0_18:3),XIC,C41 H76 O8 N1 P1,ESI,740.5235805299999,H-Loss,-,1,12.413,,
PE(18:0e_18:3),XIC,C41 H78 O7 N1 P1,ESI,726.54431553,H-Loss,-,1,12.598424775894141,,
PE(18:0e_18:3),XIC,C41 H78 O7 N1 P1,ESI,728.5588684700001,H-Gain,+,1,12.598424775894141,,
PE(18:0e_18:3),XIC,C41 H78 O7 N1 P1,ESI,726.54431553,H-Loss,-,1,12.772453142122487,,
PE(18:0e_18:3),XIC,C41 H78 O7 N1 P1,ESI,728.5588684700001,H-Gain,+,1,12.772453142122487,,
PE(18:0e_18:3),XIC,C41 H78 O7 N1 P1,ESI,726.54431553,H-Loss,-,1,12.922637375930641,,
PE(18:1e_18:2),XIC,C41 H78 O7 N1 P1,ESI,726.54431553,H-Loss,-,1,13.790594182244602,,
PE(18:1e_18:2),XIC,C41 H78 O7 N1 P1,ESI,726.54431553,H-Loss,-,1,13.995067714847591,,
PE(18:0p_18:3),XIC,C41 H76 O7 N1 P1,ESI,726.54321847,H-Gain,+,1,12.149542207486322,,
PE(18:0p_18:3),XIC,C41 H76 O7 N1 P1,ESI,726.54321847,H-Gain,+,1,12.315428578990293,,
PE(18:0p_18:3),XIC,C41 H76 O7 N1 P1,ESI,726.54321847,H-Gain,+,1,12.452981188764284,,
PE(18:2_18:2),XIC,C41 H74 O8 N1 P1,ESI,738.50793053,H-Loss,-,1,8.720389840505316,,
PE(18:2_18:2),XIC,C41 H74 O8 N1 P1,ESI,740.5224834700001,H-Gain,+,1,8.720389840505316,,
PE(18:1_18:3),XIC,C41 H74 O8 N1 P1,ESI,738.50793053,H-Loss,-,1,8.937382211118061,,
PE(18:1_18:3),XIC,C41 H74 O8 N1 P1,ESI,740.5224834700001,H-Gain,+,1,8.937382211118061,,
PE(18:1_18:3),XIC,C41 H74 O8 N1 P1,ESI,738.50793053,H-Loss,-,1,9.111792874161493,,
PE(18:1_18:3),XIC,C41 H74 O8 N1 P1,ESI,740.5224834700001,H-Gain,+,1,9.111792874161493,,
PE(18:1_18:3),XIC,C41 H74 O8 N1 P1,ESI,740.5224834700001,H-Gain,+,1,12.037,,
PE(18:1_18:3),XIC,C41 H74 O8 N1 P1,ESI,738.50793053,H-Loss,-,1,26.911,,
PE(18:1e_18:3),XIC,C41 H76 O7 N1 P1,ESI,724.5286655299999,H-Loss,-,1,12.140384786939135,,
PE(18:1e_18:3),XIC,C41 H76 O7 N1 P1,ESI,724.5286655299999,H-Loss,-,1,12.33,,
PE(18:3_18:2),XIC,C41 H72 O8 N1 P1,ESI,736.4922805299999,H-Loss,-,1,7.577650092123597,,
PE(18:3_18:2),XIC,C41 H72 O8 N1 P1,ESI,738.5068334700001,H-Gain,+,1,7.577650092123597,,
PE(18:3_18:2),XIC,C41 H72 O8 N1 P1,ESI,736.4922805299999,H-Loss,-,1,7.704737031527616,,
PE(18:3_18:2),XIC,C41 H72 O8 N1 P1,ESI,738.5068334700001,H-Gain,+,1,7.704737031527616,,
PE(18:3_18:2),XIC,C41 H72 O8 N1 P1,ESI,738.5068334700001,H-Gain,+,1,8.129649212702848,,
PE(18:3_18:3),XIC,C41 H70 O8 N1 P1,ESI,734.47663053,H-Loss,-,1,6.6125104214663235,,
PE(18:3_18:3),XIC,C41 H70 O8 N1 P1,ESI,736.4911834700001,H-Gain,+,1,6.6125104214663235,,
PE(18:3_18:3),XIC,C41 H70 O8 N1 P1,ESI,736.4911834700001,H-Gain,+,1,6.719194304738318,,
PE(18:3_18:3),XIC,C41 H70 O8 N1 P1,ESI,734.47663053,H-Loss,-,1,6.719194304738318,,
PE(18:4_18:3),XIC,C41 H68 O8 N1 P1,ESI,734.4755334700001,H-Gain,+,1,7.269,,
PE(19:0_18:1),XIC,C42 H82 O8 N1 P1,ESI,760.5850834700001,H-Gain,+,1,11.510634568587939,,
PE(19:0_18:1),XIC,C42 H82 O8 N1 P1,ESI,760.5850834700001,H-Gain,+,1,26.870950977578598,,
PE(26:0_11:2),XIC,C42 H80 O8 N1 P1,ESI,758.56943347,H-Gain,+,1,9.521,,
PE(16:1_21:1),XIC,C42 H80 O8 N1 P1,ESI,758.56943347,H-Gain,+,1,26.864845625067368,,
PE(19:0_18:3),XIC,C42 H78 O8 N1 P1,ESI,756.5537834700001,H-Gain,+,1,8.384930855162617,,
PE(19:0_18:3),XIC,C42 H78 O8 N1 P1,ESI,756.5537834700001,H-Gain,+,1,8.506528084479578,,
PE(19:0_18:3),XIC,C42 H78 O8 N1 P1,ESI,756.5537834700001,H-Gain,+,1,8.538594273563142,,
PE(19:0_18:3),XIC,C42 H78 O8 N1 P1,ESI,756.5537834700001,H-Gain,+,1,26.87952787283278,,
PE(19:1_18:4),XIC,C42 H74 O8 N1 P1,ESI,752.5224834700001,H-Gain,+,1,6.1700754486802865,,
PE(23:1_14:4),XIC,C42 H74 O8 N1 P1,ESI,752.5224834700001,H-Gain,+,1,6.364522701052564,,
PE(17:1_20:5),XIC,C42 H72 O8 N1 P1,ESI,750.5068334700001,H-Gain,+,1,5.448,,
PE(17:0_21:1),XIC,C43 H84 O8 N1 P1,ESI,774.6007334700001,H-Gain,+,1,12.115,,
PE(20:0_18:1),XIC,C43 H84 O8 N1 P1,ESI,772.58618053,H-Loss,-,1,16.284380140296754,,
PE(20:0_18:1),XIC,C43 H84 O8 N1 P1,ESI,772.58618053,H-Loss,-,1,16.439869878488867,,
PE(20:0e_18:1),XIC,C43 H86 O7 N1 P1,ESI,758.6069155299999,H-Loss,-,1,17.272653988912882,,
PE(20:0e_18:1),XIC,C43 H86 O7 N1 P1,ESI,760.6214684700001,H-Gain,+,1,17.457,,
PE(20:0_18:2),XIC,C43 H82 O8 N1 P1,ESI,770.5705305299999,H-Loss,-,1,14.980910568756912,,
PE(20:0_18:2),XIC,C43 H82 O8 N1 P1,ESI,770.5705305299999,H-Loss,-,1,15.13622715592851,,
PE(20:0_18:2),XIC,C43 H82 O8 N1 P1,ESI,770.5705305299999,H-Loss,-,1,15.285,,
PE(20:0e_18:2),XIC,C43 H84 O7 N1 P1,ESI,756.59126553,H-Loss,-,1,16.213334610903548,,
PE(20:0e_18:2),XIC,C43 H84 O7 N1 P1,ESI,758.6058184700001,H-Gain,+,1,16.213334610903548,,
PE(20:0e_18:2),XIC,C43 H84 O7 N1 P1,ESI,756.59126553,H-Loss,-,1,16.390056801720664,,
PE(20:0e_18:2),XIC,C43 H84 O7 N1 P1,ESI,758.6058184700001,H-Gain,+,1,16.390056801720664,,
PE(20:1e_18:1),XIC,C43 H84 O7 N1 P1,ESI,756.59126553,H-Loss,-,1,17.088,,
PE(14:0p_24:2),XIC,C43 H82 O7 N1 P1,ESI,756.5901684700001,H-Gain,+,1,15.245,,
PE(20:0_18:3),XIC,C43 H80 O8 N1 P1,ESI,768.5548805299999,H-Loss,-,1,13.474327858836242,,
PE(20:0_18:3),XIC,C43 H80 O8 N1 P1,ESI,768.5548805299999,H-Loss,-,1,13.634766152147742,,
PE(20:0_18:3),XIC,C43 H80 O8 N1 P1,ESI,768.5548805299999,H-Loss,-,1,13.829,,
PE(20:0e_18:3),XIC,C43 H82 O7 N1 P1,ESI,754.5756155299999,H-Loss,-,1,15.073236494604366,,
PE(20:0e_18:3),XIC,C43 H82 O7 N1 P1,ESI,756.5901684700001,H-Gain,+,1,15.073236494604366,,
PE(20:0e_18:3),XIC,C43 H82 O7 N1 P1,ESI,754.5756155299999,H-Loss,-,1,15.245633490675042,,
PE(20:0e_18:3),XIC,C43 H82 O7 N1 P1,ESI,756.5901684700001,H-Gain,+,1,15.245633490675042,,
PE(20:0e_18:3),XIC,C43 H82 O7 N1 P1,ESI,754.5756155299999,H-Loss,-,1,15.356576715945645,,
PE(20:0e_18:3),XIC,C43 H82 O7 N1 P1,ESI,756.5901684700001,H-Gain,+,1,15.356576715945645,,
PE(26:0_12:4),XIC,C43 H78 O8 N1 P1,ESI,768.5537834700001,H-Gain,+,1,14.363999767595143,,
PE(18:2e_20:2),XIC,C43 H80 O7 N1 P1,ESI,754.57451847,H-Gain,+,1,15.740130902830998,,
PE(18:2e_20:2),XIC,C43 H80 O7 N1 P1,ESI,754.57451847,H-Gain,+,1,15.966213274873548,,
PE(18:2e_20:3),XIC,C43 H78 O7 N1 P1,ESI,752.5588684700001,H-Gain,+,1,14.13,,
PE(16:0_22:6),XIC,C43 H74 O8 N1 P1,ESI,764.5224834700001,H-Gain,+,1,11.007,,
PE(16:0_22:6),XIC,C43 H74 O8 N1 P1,ESI,764.5224834700001,H-Gain,+,1,11.12844006141632,,
PE(18:2e_20:4),XIC,C43 H76 O7 N1 P1,ESI,750.54321847,H-Gain,+,1,12.592905860612575,,
PE(18:2e_20:4),XIC,C43 H76 O7 N1 P1,ESI,750.54321847,H-Gain,+,1,12.788128896370948,,
PE(18:2e_20:4),XIC,C43 H76 O7 N1 P1,ESI,750.54321847,H-Gain,+,1,12.921260535082093,,
PE(16:1_22:6),XIC,C43 H72 O8 N1 P1,ESI,762.5068334700001,H-Gain,+,1,9.119,,
PE(18:1_21:0),XIC,C44 H86 O8 N1 P1,ESI,788.6163834700001,H-Gain,+,1,14.266,,
PE(28:1_11:1),XIC,C44 H84 O8 N1 P1,ESI,786.6007334700001,H-Gain,+,1,11.40695798453984,,
PE(18:1_21:1),XIC,C44 H84 O8 N1 P1,ESI,786.6007334700001,H-Gain,+,1,11.630184948601036,,
PE(18:1_21:1),XIC,C44 H84 O8 N1 P1,ESI,786.6007334700001,H-Gain,+,1,11.751,,
PE(28:1_11:1),XIC,C44 H84 O8 N1 P1,ESI,786.6007334700001,H-Gain,+,1,11.990567948450915,,
PE(28:1_11:1),XIC,C44 H84 O8 N1 P1,ESI,786.6007334700001,H-Gain,+,1,12.291,,
PE(27:1_12:1),XIC,C44 H84 O8 N1 P1,ESI,786.6007334700001,H-Gain,+,1,14.499,,
PE(20:2e_19:1),XIC,C44 H84 O7 N1 P1,ESI,770.6058184700001,H-Gain,+,1,12.216,,
PE(19:1_20:5),XIC,C44 H76 O8 N1 P1,ESI,778.53813347,H-Gain,+,1,8.017,,
PG(16:0_16:1),XIC,C38 H73 O10 N0 P1,ESI,719.4868615299999,H-Loss,-,1,8.38278855701303,,
PG(16:0_18:1),XIC,C40 H77 O10 N0 P1,ESI,747.5181615299999,H-Loss,-,1,10.308,,
PG(16:0_18:2),XIC,C40 H75 O10 N0 P1,ESI,745.5025115299999,H-Loss,-,1,8.772668261297426,,
PG(16:0_18:2),XIC,C40 H75 O10 N0 P1,ESI,745.5025115299999,H-Loss,-,1,8.942494233718177,,
PG(16:0_18:3),XIC,C40 H73 O10 N0 P1,ESI,762.5279634699999,NH4-Gain,+,1,7.666244003786269,,
PG(16:0_18:3),XIC,C40 H73 O10 N0 P1,ESI,743.4868615299998,H-Loss,-,1,7.666244003786269,,
PG(16:0_18:3),XIC,C40 H73 O10 N0 P1,ESI,762.5279634699999,NH4-Gain,+,1,7.804710827616385,,
PG(16:0_18:3),XIC,C40 H73 O10 N0 P1,ESI,743.4868615299998,H-Loss,-,1,7.804710827616385,,
PG(16:1e_19:0),XIC,C41 H81 O9 N0 P1,ESI,766.5956484700001,NH4-Gain,+,1,15.605925248979313,,
PG(18:1_18:3),XIC,C42 H75 O10 N0 P1,ESI,788.54361347,NH4-Gain,+,1,7.779030941978731,,
PG(18:1_18:3),XIC,C42 H75 O10 N0 P1,ESI,769.5025115299999,H-Loss,-,1,7.779030941978731,,
PG(18:1_18:3),XIC,C42 H75 O10 N0 P1,ESI,769.5025115299999,H-Loss,-,1,7.915,,
PG(18:3_18:2),XIC,C42 H73 O10 N0 P1,ESI,767.4868615299998,H-Loss,-,1,6.647,,
PG(18:3_18:3),XIC,C42 H71 O10 N0 P1,ESI,765.47121153,H-Loss,-,1,5.8873897322625455,,
PI(16:0_16:0),XIC,C41 H79 O13 N0 P1,ESI,809.51855653,H-Loss,-,1,9.612339628120319,,
PI(16:0_16:1),XIC,C41 H77 O13 N0 P1,ESI,807.5029065299999,H-Loss,-,1,8.007489864712797,,
PI(16:0_16:1),XIC,C41 H77 O13 N0 P1,ESI,809.5174594700001,H-Gain,+,1,8.007489864712797,,
PI(16:0_16:1),XIC,C41 H77 O13 N0 P1,ESI,826.54400847,NH4-Gain,+,1,8.007489864712797,,
PI(16:0_16:1),XIC,C41 H77 O13 N0 P1,ESI,807.5029065299999,H-Loss,-,1,8.14891759274252,,
PI(16:0_16:1),XIC,C41 H77 O13 N0 P1,ESI,826.54400847,NH4-Gain,+,1,8.14891759274252,,
PI(16:1_16:1),XIC,C41 H75 O13 N0 P1,ESI,805.48725653,H-Loss,-,1,6.6416068475193955,,
PI(16:0_18:1),XIC,C43 H81 O13 N0 P1,ESI,835.5342065299999,H-Loss,-,1,9.821786545623693,,
PI(16:0_18:1),XIC,C43 H81 O13 N0 P1,ESI,854.57530847,NH4-Gain,+,1,9.821786545623693,,
PI(16:0_18:1),XIC,C43 H81 O13 N0 P1,ESI,835.5342065299999,H-Loss,-,1,9.97523445661147,,
PI(16:0_18:1),XIC,C43 H81 O13 N0 P1,ESI,835.5342065299999,H-Loss,-,1,10.076,,
PI(16:1_18:1),XIC,C43 H79 O13 N0 P1,ESI,833.51855653,H-Loss,-,1,8.159697932255048,,
PI(16:1_18:1),XIC,C43 H79 O13 N0 P1,ESI,852.55965847,NH4-Gain,+,1,8.159697932255048,,
PI(16:1_18:1),XIC,C43 H79 O13 N0 P1,ESI,835.5331094700001,H-Gain,+,1,8.159697932255048,,
PI(16:0_18:2),XIC,C43 H79 O13 N0 P1,ESI,833.51855653,H-Loss,-,1,8.382174038343303,,
PI(16:0_18:2),XIC,C43 H79 O13 N0 P1,ESI,852.55965847,NH4-Gain,+,1,8.382174038343303,,
PI(16:0_18:2),XIC,C43 H79 O13 N0 P1,ESI,835.5331094700001,H-Gain,+,1,8.382174038343303,,
PI(16:0_18:2),XIC,C43 H79 O13 N0 P1,ESI,833.51855653,H-Loss,-,1,8.527837754427017,,
PI(16:0_18:2),XIC,C43 H79 O13 N0 P1,ESI,835.5331094700001,H-Gain,+,1,8.527837754427017,,
PI(16:0_18:2),XIC,C43 H79 O13 N0 P1,ESI,852.55965847,NH4-Gain,+,1,8.527837754427017,,
PI(16:1_18:2),XIC,C43 H77 O13 N0 P1,ESI,831.5029065299999,H-Loss,-,1,6.950786774006124,,
PI(16:1_18:2),XIC,C43 H77 O13 N0 P1,ESI,850.54400847,NH4-Gain,+,1,6.950786774006124,,
PI(16:0_18:3),XIC,C43 H77 O13 N0 P1,ESI,831.5029065299999,H-Loss,-,1,7.3340856685319125,,
PI(16:0_18:3),XIC,C43 H77 O13 N0 P1,ESI,850.54400847,NH4-Gain,+,1,7.3340856685319125,,
PI(16:0_18:3),XIC,C43 H77 O13 N0 P1,ESI,833.5174594700001,H-Gain,+,1,7.3340856685319125,,
PI(16:0_18:3),XIC,C43 H77 O13 N0 P1,ESI,831.5029065299999,H-Loss,-,1,7.469998728761226,,
PI(16:0_18:3),XIC,C43 H77 O13 N0 P1,ESI,850.54400847,NH4-Gain,+,1,7.469998728761226,,
PI(16:0_18:3),XIC,C43 H77 O13 N0 P1,ESI,833.5174594700001,H-Gain,+,1,7.469998728761226,,
PI(16:1_18:3),XIC,C43 H75 O13 N0 P1,ESI,848.5283584700001,NH4-Gain,+,1,6.126855330211349,,
PI(16:1_18:3),XIC,C43 H75 O13 N0 P1,ESI,829.48725653,H-Loss,-,1,6.126855330211349,,
PI(17:0_18:3),XIC,C44 H79 O13 N0 P1,ESI,845.51855653,H-Loss,-,1,8.178,,
PI(18:0_18:1),XIC,C45 H85 O13 N0 P1,ESI,863.56550653,H-Loss,-,1,12.124295428180567,,
PI(18:1_18:1),XIC,C45 H83 O13 N0 P1,ESI,861.5498565299999,H-Loss,-,1,9.984698192309411,,
PI(18:1_18:1),XIC,C45 H83 O13 N0 P1,ESI,861.5498565299999,H-Loss,-,1,10.144777264653348,,
PI(18:0_18:2),XIC,C45 H83 O13 N0 P1,ESI,861.5498565299999,H-Loss,-,1,10.395745195486539,,
PI(18:0_18:2),XIC,C45 H83 O13 N0 P1,ESI,861.5498565299999,H-Loss,-,1,10.536856523742333,,
PI(18:0_18:2),XIC,C45 H83 O13 N0 P1,ESI,861.5498565299999,H-Loss,-,1,10.652835891329007,,
PI(18:1_18:2),XIC,C45 H81 O13 N0 P1,ESI,859.5342065299999,H-Loss,-,1,8.525542798526207,,
PI(18:1_18:2),XIC,C45 H81 O13 N0 P1,ESI,878.57530847,NH4-Gain,+,1,8.525542798526207,,
PI(18:1_18:2),XIC,C45 H81 O13 N0 P1,ESI,861.54875947,H-Gain,+,1,8.525542798526207,,
PI(18:1_18:2),XIC,C45 H81 O13 N0 P1,ESI,859.5342065299999,H-Loss,-,1,8.688875825005166,,
PI(18:1_18:2),XIC,C45 H81 O13 N0 P1,ESI,878.57530847,NH4-Gain,+,1,8.688875825005166,,
PI(18:0_18:3),XIC,C45 H81 O13 N0 P1,ESI,859.5342065299999,H-Loss,-,1,9.108140100139686,,
PI(18:0_18:3),XIC,C45 H81 O13 N0 P1,ESI,859.5342065299999,H-Loss,-,1,9.269944082026486,,
PI(18:0_18:3),XIC,C45 H81 O13 N0 P1,ESI,878.57530847,NH4-Gain,+,1,9.269944082026486,,
PI(18:1_18:3),XIC,C45 H79 O13 N0 P1,ESI,857.51855653,H-Loss,-,1,7.441009263726431,,
PI(18:1_18:3),XIC,C45 H79 O13 N0 P1,ESI,876.55965847,NH4-Gain,+,1,7.441009263726431,,
PI(18:1_18:3),XIC,C45 H79 O13 N0 P1,ESI,859.5331094700001,H-Gain,+,1,7.441009263726431,,
PI(18:1_18:3),XIC,C45 H79 O13 N0 P1,ESI,857.51855653,H-Loss,-,1,7.587347490095527,,
PI(18:1_18:3),XIC,C45 H79 O13 N0 P1,ESI,876.55965847,NH4-Gain,+,1,7.587347490095527,,
PI(18:1_18:3),XIC,C45 H79 O13 N0 P1,ESI,859.5331094700001,H-Gain,+,1,7.587347490095527,,
PI(18:3_18:2),XIC,C45 H77 O13 N0 P1,ESI,855.5029065299999,H-Loss,-,1,6.383593802409312,,
PI(18:3_18:2),XIC,C45 H77 O13 N0 P1,ESI,874.54400847,NH4-Gain,+,1,6.383593802409312,,
PI(18:3_18:2),XIC,C45 H77 O13 N0 P1,ESI,857.5174594700001,H-Gain,+,1,6.383593802409312,,
PI(18:3_18:2),XIC,C45 H77 O13 N0 P1,ESI,855.5029065299999,H-Loss,-,1,6.489971726968483,,
PI(18:3_18:2),XIC,C45 H77 O13 N0 P1,ESI,874.54400847,NH4-Gain,+,1,6.489971726968483,,
PI(18:3_18:3),XIC,C45 H75 O13 N0 P1,ESI,853.48725653,H-Loss,-,1,5.654208766128723,,
PI(18:3_18:3),XIC,C45 H75 O13 N0 P1,ESI,872.5283584700001,NH4-Gain,+,1,5.654208766128723,,
PI(18:3_18:3),XIC,C45 H75 O13 N0 P1,ESI,855.5018094700001,H-Gain,+,1,5.654208766128723,,
PS(18:1e_9:0),XIC,C33 H64 O9 N1 P1,ESI,650.4391484700001,H-Gain,+,1,3.942238316253443,,
PS(14:1e_17:0),XIC,C37 H72 O9 N1 P1,ESI,744.45763147,K-Gain,+,1,1.4158361679235132,,
PS(16:0_17:0),XIC,C39 H76 O10 N1 P1,ESI,788.48384647,K-Gain,+,1,1.4081207002198377,,
PS(20:0e_14:0),XIC,C40 H80 O9 N1 P1,ESI,788.5202314700001,K-Gain,+,1,14.72,,
PS(16:0_18:1),XIC,C40 H76 O10 N1 P1,ESI,760.5134105299999,H-Loss,-,1,10.054582538698664,,
PS(16:0_18:1),XIC,C40 H76 O10 N1 P1,ESI,762.52796347,H-Gain,+,1,10.054582538698664,,
PS(16:0_18:1),XIC,C40 H76 O10 N1 P1,ESI,760.5134105299999,H-Loss,-,1,10.229205385980107,,
PS(16:0_18:1),XIC,C40 H76 O10 N1 P1,ESI,762.52796347,H-Gain,+,1,10.33,,
PS(28:1_6:0),XIC,C40 H76 O10 N1 P1,ESI,762.52796347,H-Gain,+,1,11.200456783749335,,
PS(16:1_18:1),XIC,C40 H74 O10 N1 P1,ESI,758.4977605299999,H-Loss,-,1,8.319050362112659,,
PS(16:1_18:1),XIC,C40 H74 O10 N1 P1,ESI,760.5123134700001,H-Gain,+,1,8.319050362112659,,
PS(16:1_18:1),XIC,C40 H74 O10 N1 P1,ESI,758.4977605299999,H-Loss,-,1,8.44820575337226,,
PS(16:1_18:1),XIC,C40 H74 O10 N1 P1,ESI,760.5123134700001,H-Gain,+,1,8.44820575337226,,
PS(16:1_18:2),XIC,C40 H72 O10 N1 P1,ESI,756.4821105299999,H-Loss,-,1,7.099,,
PS(16:0_18:3),XIC,C40 H72 O10 N1 P1,ESI,756.4821105299999,H-Loss,-,1,7.505350559796033,,
PS(16:0_18:3),XIC,C40 H72 O10 N1 P1,ESI,758.49666347,H-Gain,+,1,7.505350559796033,,
PS(22:0_12:3),XIC,C40 H72 O10 N1 P1,ESI,758.49666347,H-Gain,+,1,7.648,,
PS(16:2e_18:1),XIC,C40 H74 O9 N1 P1,ESI,782.4732814700001,K-Gain,+,1,7.742518442444233,,
PS(16:2e_18:2),XIC,C40 H72 O9 N1 P1,ESI,780.45763147,K-Gain,+,1,6.71592429263122,,
PS(18:0_18:1),XIC,C42 H80 O10 N1 P1,ESI,788.54471053,H-Loss,-,1,12.252685056477873,,
PS(18:0_18:1),XIC,C42 H80 O10 N1 P1,ESI,790.5592634700001,H-Gain,+,1,12.252685056477873,,
PS(18:0_18:1),XIC,C42 H80 O10 N1 P1,ESI,788.54471053,H-Loss,-,1,12.425489269826246,,
PS(18:0_18:1),XIC,C42 H80 O10 N1 P1,ESI,790.5592634700001,H-Gain,+,1,12.425489269826246,,
PS(18:0_18:1),XIC,C42 H80 O10 N1 P1,ESI,788.54471053,H-Loss,-,1,12.565441096053837,,
PS(18:0_18:1),XIC,C42 H80 O10 N1 P1,ESI,790.5592634700001,H-Gain,+,1,12.565441096053837,,
PS(18:0_18:1),XIC,C42 H80 O10 N1 P1,ESI,788.54471053,H-Loss,-,1,12.68201369737929,,
PS(18:0_18:1),XIC,C42 H80 O10 N1 P1,ESI,790.5592634700001,H-Gain,+,1,12.68201369737929,,
PS(18:1_18:1),XIC,C42 H78 O10 N1 P1,ESI,786.5290605299999,H-Loss,-,1,10.225515392630435,,
PS(18:1_18:1),XIC,C42 H78 O10 N1 P1,ESI,788.5436134700001,H-Gain,+,1,10.225515392630435,,
PS(18:1_18:1),XIC,C42 H78 O10 N1 P1,ESI,786.5290605299999,H-Loss,-,1,10.392670308639234,,
PS(18:1_18:1),XIC,C42 H78 O10 N1 P1,ESI,788.5436134700001,H-Gain,+,1,10.392670308639234,,
PS(18:1_18:1),XIC,C42 H78 O10 N1 P1,ESI,788.5436134700001,H-Gain,+,1,10.376954085969665,,
PS(18:1_18:2),XIC,C42 H76 O10 N1 P1,ESI,784.5134105299999,H-Loss,-,1,8.707840052087109,,
PS(18:1_18:2),XIC,C42 H76 O10 N1 P1,ESI,786.52796347,H-Gain,+,1,8.707840052087109,,
PS(18:1_18:2),XIC,C42 H76 O10 N1 P1,ESI,784.5134105299999,H-Loss,-,1,8.846261058986352,,
PS(18:1_18:2),XIC,C42 H76 O10 N1 P1,ESI,786.52796347,H-Gain,+,1,8.846261058986352,,
PS(18:0_18:3),XIC,C42 H76 O10 N1 P1,ESI,784.5134105299999,H-Loss,-,1,9.311654393087533,,
PS(18:0_18:3),XIC,C42 H76 O10 N1 P1,ESI,786.52796347,H-Gain,+,1,9.311654393087533,,
PS(18:0_18:3),XIC,C42 H76 O10 N1 P1,ESI,784.5134105299999,H-Loss,-,1,9.471933104419762,,
PS(18:0_18:3),XIC,C42 H76 O10 N1 P1,ESI,786.52796347,H-Gain,+,1,9.471933104419762,,
PS(18:1_18:3),XIC,C42 H74 O10 N1 P1,ESI,782.4977605299999,H-Loss,-,1,7.613716644251884,,
PS(18:1_18:3),XIC,C42 H74 O10 N1 P1,ESI,784.5123134700001,H-Gain,+,1,7.613716644251884,,
PS(18:1_18:3),XIC,C42 H74 O10 N1 P1,ESI,782.4977605299999,H-Loss,-,1,7.750893926696155,,
PS(18:1_18:3),XIC,C42 H74 O10 N1 P1,ESI,784.5123134700001,H-Gain,+,1,7.750893926696155,,
PS(18:4_18:0),XIC,C42 H74 O10 N1 P1,ESI,784.5123134700001,H-Gain,+,1,8.312,,
PS(18:2_18:2),XIC,C42 H74 O10 N1 P1,ESI,782.4977605299999,H-Loss,-,1,10.111616823068761,,
PS(18:2_18:2),XIC,C42 H74 O10 N1 P1,ESI,782.4977605299999,H-Loss,-,1,10.226,,
PS(18:3_18:2),XIC,C42 H72 O10 N1 P1,ESI,780.4821105299999,H-Loss,-,1,6.500215817480227,,
PS(18:3_18:2),XIC,C42 H72 O10 N1 P1,ESI,782.49666347,H-Gain,+,1,6.500215817480227,,
PS(18:3_18:3),XIC,C42 H70 O10 N1 P1,ESI,778.46646053,H-Loss,-,1,5.75142409791105,,
PS(18:3_18:3),XIC,C42 H70 O10 N1 P1,ESI,780.4810134700001,H-Gain,+,1,5.75142409791105,,
PS(18:3_18:3),XIC,C42 H70 O10 N1 P1,ESI,780.4810134700001,H-Gain,+,1,6.559000000000001,,
PS(18:3_18:3),XIC,C42 H70 O10 N1 P1,ESI,778.46646053,H-Loss,-,1,7.248589445506307,,
PS(16:0_21:0),XIC,C43 H84 O10 N1 P1,ESI,804.57601053,H-Loss,-,1,11.322,,
PS(16:0_21:1),XIC,C43 H82 O10 N1 P1,ESI,802.5603605299999,H-Loss,-,1,9.679,,
PS(20:1_18:1),XIC,C44 H82 O10 N1 P1,ESI,814.5603605299999,H-Loss,-,1,12.645,,
PS(18:1_20:2),XIC,C44 H80 O10 N1 P1,ESI,812.5447105299999,H-Loss,-,1,14.426,,
PS(18:1_20:2),XIC,C44 H80 O10 N1 P1,ESI,812.5447105299999,H-Loss,-,1,14.568488951845364,,
PS(18:1_20:2),XIC,C44 H80 O10 N1 P1,ESI,812.5447105299999,H-Loss,-,1,14.699,,
PS(18:1_20:4),XIC,C44 H76 O10 N1 P1,ESI,808.5134105299999,H-Loss,-,1,10.318073148765816,,
PS(18:1_20:4),XIC,C44 H76 O10 N1 P1,ESI,808.5134105299999,H-Loss,-,1,10.48,,
PS(20:2e_18:3),XIC,C44 H78 O9 N1 P1,ESI,794.5341455299999,H-Loss,-,1,12.613,,
PS(18:3_20:5),XIC,C44 H70 O10 N1 P1,ESI,802.46646053,H-Loss,-,1,6.566,,
SM(d20:0_15:0),XIC,C40 H83 O6 N2 P1,ESI,757.56203547,K-Gain,+,1,7.99719916964512,,
SM(d18:1_19:1),XIC,C42 H83 O6 N2 P1,ESI,781.56203547,K-Gain,+,1,7.253017979586465,,
SM(d19:1_18:1),XIC,C42 H83 O6 N2 P1,ESI,781.56203547,K-Gain,+,1,7.37,,
TG(4:0_8:0_10:0),XIC,C25 H46 O6,ESI,481.29259946999997,K-Gain,+,1,3.557,,
TG(6:0_8:0_8:0),XIC,C25 H46 O6,ESI,481.29259946999997,K-Gain,+,1,4.593553882202748,,
TG(4:0_8:0_10:1),XIC,C25 H44 O6,ESI,479.27694947,K-Gain,+,1,4.159350331649859,,
TG(6:0_10:4_12:3),XIC,C31 H44 O6,ESI,513.3210664700001,H-Gain,+,1,1.3992068426540003,,
TG(12:0_12:0_8:0),XIC,C35 H66 O6,ESI,600.5197654699999,NH4-Gain,+,1,13.314,,
TG(4:0_16:0_14:0),XIC,C37 H70 O6,ESI,628.55106547,NH4-Gain,+,1,16.224347472365167,,
TG(4:0_14:0_16:1),XIC,C37 H68 O6,ESI,626.53541547,NH4-Gain,+,1,14.096999999999998,,
TG(4:0_14:0_16:1),XIC,C37 H68 O6,ESI,626.53541547,NH4-Gain,+,1,14.259631505461732,,
TG(4:0_16:0_14:1),XIC,C37 H68 O6,ESI,626.53541547,NH4-Gain,+,1,14.518912385879874,,
TG(4:0_14:1_16:0),XIC,C37 H68 O6,ESI,626.53541547,NH4-Gain,+,1,14.658616114750764,,
TG(16:0_6:0_12:1),XIC,C37 H68 O6,ESI,626.53541547,NH4-Gain,+,1,14.774297177582918,,
TG(18:2e_8:0_8:0),XIC,C37 H68 O5,ESI,631.46983447,K-Gain,+,1,13.62,,
TG(12:0_12:0_12:0),XIC,C39 H74 O6,ESI,656.5823654699999,NH4-Gain,+,1,17.044,,
TG(4:0_16:0_16:0),XIC,C39 H74 O6,ESI,656.5823654699999,NH4-Gain,+,1,17.68486211822081,,
TG(4:0_16:0_16:0),XIC,C39 H74 O6,ESI,656.5823654699999,NH4-Gain,+,1,17.81772070659987,,
TG(19:1_8:0_9:0),XIC,C39 H72 O6,ESI,654.5667154700001,NH4-Gain,+,1,14.362,,
TG(4:0_16:1_16:0),XIC,C39 H72 O6,ESI,654.5667154700001,NH4-Gain,+,1,16.23979137170704,,
TG(4:0_16:1_16:0),XIC,C39 H72 O6,ESI,654.5667154700001,NH4-Gain,+,1,16.346490170715704,,
TG(4:0_16:1_16:0),XIC,C39 H72 O6,ESI,654.5667154700001,NH4-Gain,+,1,16.513235662565812,,
TG(4:0_16:1_16:0),XIC,C39 H72 O6,ESI,654.5667154700001,NH4-Gain,+,1,17.586386750744293,,
TG(4:0_16:0_16:1),XIC,C39 H72 O6,ESI,654.5667154700001,NH4-Gain,+,1,17.689,,
TG(4:0_16:1_16:1),XIC,C39 H70 O6,ESI,652.55106547,NH4-Gain,+,1,14.238584490059576,,
TG(4:0_16:1_16:1),XIC,C39 H70 O6,ESI,652.55106547,NH4-Gain,+,1,14.52465605410333,,
TG(4:0_16:1_16:1),XIC,C39 H70 O6,ESI,652.55106547,NH4-Gain,+,1,14.785,,
TG(4:0_16:1_16:1),XIC,C39 H70 O6,ESI,652.55106547,NH4-Gain,+,1,15.032936610796154,,
TG(16:0_9:0_11:2),XIC,C39 H70 O6,ESI,652.55106547,NH4-Gain,+,1,15.173575941225224,,
TG(4:0_18:3_14:0),XIC,C39 H68 O6,ESI,650.53541547,NH4-Gain,+,1,12.713,,
TG(6:0_14:3_16:0),XIC,C39 H68 O6,ESI,650.53541547,NH4-Gain,+,1,13.37241833118753,,
TG(4:0_14:0_18:3),XIC,C39 H68 O6,ESI,650.53541547,NH4-Gain,+,1,13.474,,
TG(14:0e_10:0_12:3),XIC,C39 H70 O5,ESI,636.55615047,NH4-Gain,+,1,13.559,,
TG(12:1e_6:0_18:3),XIC,C39 H68 O5,ESI,617.51395147,H-Gain,+,1,15.370119023338878,,
TG(12:1e_6:0_18:4),XIC,C39 H66 O5,ESI,615.49830147,H-Gain,+,1,13.090395025198873,,
TG(12:1e_6:0_18:4),XIC,C39 H66 O5,ESI,615.49830147,H-Gain,+,1,13.223928701769673,,
TG(4:0_16:0_17:1),XIC,C40 H74 O6,ESI,668.5823654699999,NH4-Gain,+,1,16.907905074431312,,
TG(4:0_17:1_16:0),XIC,C40 H74 O6,ESI,668.5823654699999,NH4-Gain,+,1,17.017168505175583,,
TG(4:0_17:1_16:0),XIC,C40 H74 O6,ESI,668.5823654699999,NH4-Gain,+,1,17.133,,
TG(4:0_17:1_16:1),XIC,C40 H72 O6,ESI,666.5667154699998,NH4-Gain,+,1,15.671,,
TG(16:0_10:2_11:2),XIC,C40 H68 O6,ESI,662.53541547,NH4-Gain,+,1,16.43308443833696,,
TG(14:0_12:2_11:3),XIC,C40 H66 O6,ESI,660.5197654699999,NH4-Gain,+,1,14.526066988891783,,
TG(14:0_12:2_11:3),XIC,C40 H66 O6,ESI,660.5197654699999,NH4-Gain,+,1,14.700104858539941,,
TG(12:0_14:0_12:0),XIC,C41 H78 O6,ESI,684.61366547,NH4-Gain,+,1,18.299,,
TG(16:0_16:0_6:0),XIC,C41 H78 O6,ESI,684.61366547,NH4-Gain,+,1,18.597051556705132,,
TG(4:0_16:0_18:0),XIC,C41 H78 O6,ESI,684.61366547,NH4-Gain,+,1,18.868206282111622,,
TG(19:0_11:1_8:0),XIC,C41 H76 O6,ESI,682.59801547,NH4-Gain,+,1,16.35043761252784,,
TG(4:0_11:1_23:0),XIC,C41 H76 O6,ESI,682.59801547,NH4-Gain,+,1,16.56850941079391,,
TG(16:0_16:1_6:0),XIC,C41 H76 O6,ESI,682.59801547,NH4-Gain,+,1,17.42717468063119,,
TG(4:0_18:1_16:0),XIC,C41 H76 O6,ESI,682.59801547,NH4-Gain,+,1,17.64655046054351,,
TG(4:0_18:1_16:0),XIC,C41 H76 O6,ESI,682.59801547,NH4-Gain,+,1,17.76434782102983,,
TG(4:0_18:1_16:0),XIC,C41 H76 O6,ESI,682.59801547,NH4-Gain,+,1,17.57763618799199,,
TG(4:0_18:1_16:0),XIC,C41 H76 O6,ESI,682.59801547,NH4-Gain,+,1,18.77259426786737,,
TG(10:0_10:1_18:1),XIC,C41 H74 O6,ESI,680.5823654699999,NH4-Gain,+,1,14.408836882020282,,
TG(16:1_16:1_6:0),XIC,C41 H74 O6,ESI,680.5823654699999,NH4-Gain,+,1,15.936109920162052,,
TG(4:0_16:1_18:1),XIC,C41 H74 O6,ESI,680.5823654699999,NH4-Gain,+,1,16.246017198548085,,
TG(4:0_18:1_16:1),XIC,C41 H74 O6,ESI,680.5823654699999,NH4-Gain,+,1,16.525288271772144,,
TG(4:0_16:0_18:2),XIC,C41 H74 O6,ESI,680.5823654699999,NH4-Gain,+,1,16.668389226347745,,
TG(4:0_18:2_16:1),XIC,C41 H72 O6,ESI,678.5667154699998,NH4-Gain,+,1,14.739668931611376,,
TG(4:0_16:1_18:2),XIC,C41 H72 O6,ESI,678.5667154699998,NH4-Gain,+,1,14.878110860928158,,
TG(4:0_18:2_16:1),XIC,C41 H72 O6,ESI,678.5667154699998,NH4-Gain,+,1,15.071385721418677,,
TG(4:0_16:0_18:3),XIC,C41 H72 O6,ESI,678.5667154699998,NH4-Gain,+,1,15.341734079408658,,
TG(4:0_18:3_16:0),XIC,C41 H72 O6,ESI,678.5667154699998,NH4-Gain,+,1,15.498032217423944,,
TG(4:0_16:1_18:3),XIC,C41 H70 O6,ESI,676.55106547,NH4-Gain,+,1,12.956202145894046,,
TG(4:0_18:3_16:1),XIC,C41 H70 O6,ESI,676.55106547,NH4-Gain,+,1,13.099057696541632,,
TG(4:0_16:1_18:3),XIC,C41 H70 O6,ESI,676.55106547,NH4-Gain,+,1,13.22,,
TG(4:0_16:1_18:3),XIC,C41 H70 O6,ESI,676.55106547,NH4-Gain,+,1,13.384,,
TG(4:0_16:1_18:3),XIC,C41 H70 O6,ESI,676.55106547,NH4-Gain,+,1,13.508,,
TG(4:0_16:0_18:4),XIC,C41 H70 O6,ESI,659.5245164700001,H-Gain,+,1,16.223809070422003,,
TG(4:0_16:1_18:3),XIC,C41 H70 O6,ESI,659.5245164700001,H-Gain,+,1,16.36920785595437,,
TG(12:0e_8:0_19:0),XIC,C42 H82 O5,ESI,684.6500504699999,NH4-Gain,+,1,17.548,,
TG(4:0_18:1_17:0),XIC,C42 H78 O6,ESI,696.61366547,NH4-Gain,+,1,18.11204461408069,,
TG(4:0_17:0_18:1),XIC,C42 H78 O6,ESI,696.61366547,NH4-Gain,+,1,18.217,,
TG(4:0_18:1_17:1),XIC,C42 H76 O6,ESI,694.59801547,NH4-Gain,+,1,17.140686076306356,,
TG(4:0_18:2_17:0),XIC,C42 H76 O6,ESI,694.59801547,NH4-Gain,+,1,17.296391731071534,,
TG(4:0_18:2_17:1),XIC,C42 H74 O6,ESI,692.5823654699999,NH4-Gain,+,1,15.93,,
TG(4:0_18:2_17:1),XIC,C42 H74 O6,ESI,692.5823654699999,NH4-Gain,+,1,16.042427297845062,,
TG(16:0_12:2_11:2),XIC,C42 H72 O6,ESI,690.5667154699998,NH4-Gain,+,1,17.86728882307345,,
TG(16:0_12:2_11:2),XIC,C42 H72 O6,ESI,690.5667154699998,NH4-Gain,+,1,17.992306067350896,,
TG(16:0_12:2_11:3),XIC,C42 H70 O6,ESI,688.55106547,NH4-Gain,+,1,16.462132677749644,,
TG(16:0_12:2_11:3),XIC,C42 H70 O6,ESI,688.55106547,NH4-Gain,+,1,16.606144557225505,,
TG(16:0_12:2_11:3),XIC,C42 H70 O6,ESI,688.55106547,NH4-Gain,+,1,17.325385,,
TG(16:0_12:2_11:3),XIC,C42 H70 O6,ESI,688.55106547,NH4-Gain,+,1,17.663705837272623,,
TG(16:1_12:2_11:3),XIC,C42 H68 O6,ESI,686.53541547,NH4-Gain,+,1,14.623645531997681,,
TG(16:1_12:2_11:3),XIC,C42 H68 O6,ESI,686.53541547,NH4-Gain,+,1,14.79882310023775,,
TG(16:1_11:3_12:2),XIC,C42 H68 O6,ESI,686.53541547,NH4-Gain,+,1,15.077,,
TG(14:0_11:4_14:3),XIC,C42 H66 O6,ESI,684.5197654699999,NH4-Gain,+,1,13.262307525051254,,
TG(16:0_12:0_12:0),XIC,C43 H82 O6,ESI,712.6449654699999,NH4-Gain,+,1,19.317,,
TG(6:0_23:0_11:1),XIC,C43 H80 O6,ESI,710.62931547,NH4-Gain,+,1,17.492351256660786,,
TG(16:0_6:0_18:1),XIC,C43 H80 O6,ESI,710.62931547,NH4-Gain,+,1,17.747745448566487,,
TG(16:0_18:1_6:0),XIC,C43 H80 O6,ESI,710.62931547,NH4-Gain,+,1,18.578661054419076,,
TG(16:0_18:1_6:0),XIC,C43 H80 O6,ESI,710.62931547,NH4-Gain,+,1,18.717072281141256,,
TG(16:0_18:1_6:0),XIC,C43 H80 O6,ESI,710.62931547,NH4-Gain,+,1,18.850119281284275,,
TG(16:1_6:0_18:1),XIC,C43 H78 O6,ESI,708.61366547,NH4-Gain,+,1,16.35373330405436,,
TG(4:0_18:1_18:1),XIC,C43 H78 O6,ESI,708.61366547,NH4-Gain,+,1,16.644268637948393,,
TG(16:1_18:1_6:0),XIC,C43 H78 O6,ESI,708.61366547,NH4-Gain,+,1,17.38816574855508,,
TG(16:1_18:1_6:0),XIC,C43 H78 O6,ESI,708.61366547,NH4-Gain,+,1,17.65068479197493,,
TG(16:1_18:1_6:0),XIC,C43 H78 O6,ESI,708.61366547,NH4-Gain,+,1,17.78773370111527,,
TG(4:0_18:1_18:1),XIC,C43 H78 O6,ESI,708.61366547,NH4-Gain,+,1,17.961173766933538,,
TG(16:1_12:1_12:1),XIC,C43 H76 O6,ESI,706.59801547,NH4-Gain,+,1,14.846125341333813,,
TG(4:0_18:1_18:2),XIC,C43 H76 O6,ESI,706.59801547,NH4-Gain,+,1,15.497536877345366,,
TG(4:0_18:1_18:2),XIC,C43 H76 O6,ESI,706.59801547,NH4-Gain,+,1,16.55236424363801,,
TG(16:0_18:3_6:0),XIC,C43 H76 O6,ESI,706.59801547,NH4-Gain,+,1,16.674088290914135,,
TG(4:0_18:3_18:0),XIC,C43 H76 O6,ESI,706.59801547,NH4-Gain,+,1,17.065165649938454,,
TG(4:0_18:3_18:0),XIC,C43 H76 O6,ESI,706.59801547,NH4-Gain,+,1,17.185534924490934,,
TG(4:0_18:2_18:2),XIC,C43 H74 O6,ESI,704.5823654699999,NH4-Gain,+,1,15.02076154283586,,
TG(4:0_18:2_18:2),XIC,C43 H74 O6,ESI,704.5823654699999,NH4-Gain,+,1,15.141507394392153,,
TG(4:0_18:1_18:3),XIC,C43 H74 O6,ESI,704.5823654699999,NH4-Gain,+,1,15.361567336365875,,
TG(4:0_18:1_18:3),XIC,C43 H74 O6,ESI,704.5823654699999,NH4-Gain,+,1,15.524884696066001,,
TG(18:4_6:0_16:0),XIC,C43 H74 O6,ESI,687.55581647,H-Gain,+,1,17.39805072042147,,
TG(4:0_18:1_18:3),XIC,C43 H74 O6,ESI,687.55581647,H-Gain,+,1,17.631702051291086,,
TG(4:0_18:1_18:3),XIC,C43 H74 O6,ESI,687.55581647,H-Gain,+,1,17.751108796111417,,
TG(4:0_18:2_18:3),XIC,C43 H72 O6,ESI,702.5667154699998,NH4-Gain,+,1,13.527192722014151,,
TG(4:0_18:2_18:3),XIC,C43 H72 O6,ESI,702.5667154699998,NH4-Gain,+,1,13.673816411803678,,
TG(16:0_12:4_12:1),XIC,C43 H72 O6,ESI,702.5667154699998,NH4-Gain,+,1,15.986516091333101,,
TG(4:0_16:0_20:5),XIC,C43 H72 O6,ESI,702.5667154699998,NH4-Gain,+,1,16.131361072987026,,
TG(4:0_18:1_18:4),XIC,C43 H72 O6,ESI,685.5401664699999,H-Gain,+,1,16.301113852035996,,
TG(4:0_18:2_18:3),XIC,C43 H72 O6,ESI,685.5401664699999,H-Gain,+,1,16.533581032041884,,
TG(4:0_18:1_18:4),XIC,C43 H72 O6,ESI,685.5401664699999,H-Gain,+,1,16.642,,
TG(16:0_12:2_12:3),XIC,C43 H72 O6,ESI,702.5667154699998,NH4-Gain,+,1,17.196909619499017,,
TG(4:0_16:1_20:5),XIC,C43 H70 O6,ESI,683.5245164700001,H-Gain,+,1,14.638329724432863,,
TG(4:0_16:1_20:5),XIC,C43 H70 O6,ESI,683.5245164700001,H-Gain,+,1,14.812,,
TG(4:0_18:3_18:3),XIC,C43 H70 O6,ESI,683.5245164700001,H-Gain,+,1,15.23343251013265,,
TG(4:0_18:3_18:3),XIC,C43 H70 O6,ESI,683.5245164700001,H-Gain,+,1,15.386614629884052,,
TG(17:1_12:2_11:3),XIC,C43 H70 O6,ESI,700.55106547,NH4-Gain,+,1,15.943750195911974,,
TG(17:1_11:2_12:3),XIC,C43 H70 O6,ESI,700.55106547,NH4-Gain,+,1,16.105622625950687,,
TG(15:0_11:4_14:3),XIC,C43 H68 O6,ESI,698.53541547,NH4-Gain,+,1,14.58816799807901,,
TG(16:1_9:0_16:0),XIC,C44 H82 O6,ESI,724.6449654699999,NH4-Gain,+,1,18.952257829599972,,
TG(4:0_18:1_19:1),XIC,C44 H80 O6,ESI,722.62931547,NH4-Gain,+,1,18.387,,
TG(18:0_12:2_11:2),XIC,C44 H76 O6,ESI,718.59801547,NH4-Gain,+,1,19.028449798217615,,
TG(16:0_11:2_14:2),XIC,C44 H76 O6,ESI,718.59801547,NH4-Gain,+,1,19.145220203716324,,
TG(20:0_10:3_11:2),XIC,C44 H74 O6,ESI,716.5823654699999,NH4-Gain,+,1,16.59481528541965,,
TG(16:0_14:2_11:3),XIC,C44 H74 O6,ESI,716.5823654699999,NH4-Gain,+,1,16.77510914340346,,
TG(18:1_12:2_11:2),XIC,C44 H74 O6,ESI,716.5823654699999,NH4-Gain,+,1,17.82885005260258,,
TG(16:0_14:3_11:2),XIC,C44 H74 O6,ESI,716.5823654699999,NH4-Gain,+,1,18.694506526089864,,
TG(16:0_11:2_14:3),XIC,C44 H74 O6,ESI,716.5823654699999,NH4-Gain,+,1,26.831873716140876,,
TG(16:1_14:2_11:3),XIC,C44 H72 O6,ESI,714.5667154699998,NH4-Gain,+,1,14.652453461274417,,
TG(18:1_11:3_12:2),XIC,C44 H72 O6,ESI,714.5667154699998,NH4-Gain,+,1,14.78664791651079,,
TG(16:1_11:2_14:3),XIC,C44 H72 O6,ESI,714.5667154699998,NH4-Gain,+,1,15.048585178569745,,
TG(18:1_12:2_11:3),XIC,C44 H72 O6,ESI,714.5667154699998,NH4-Gain,+,1,16.456680927965465,,
TG(16:0_14:2_11:4),XIC,C44 H72 O6,ESI,714.5667154699998,NH4-Gain,+,1,16.736396760912005,,
TG(16:0_11:2_14:4),XIC,C44 H72 O6,ESI,714.5667154699998,NH4-Gain,+,1,16.858337072053793,,
TG(16:0_11:2_14:4),XIC,C44 H72 O6,ESI,714.5667154699998,NH4-Gain,+,1,16.754056760349055,,
TG(16:0_11:3_14:3),XIC,C44 H72 O6,ESI,714.5667154699998,NH4-Gain,+,1,26.854096355524177,,
TG(18:2_12:2_11:3),XIC,C44 H70 O6,ESI,712.55106547,NH4-Gain,+,1,15.026434787812919,,
TG(16:1_14:3_11:3),XIC,C44 H70 O6,ESI,712.55106547,NH4-Gain,+,1,15.163657603825207,,
TG(18:3_12:2_11:2),XIC,C44 H70 O6,ESI,712.55106547,NH4-Gain,+,1,15.595773739340313,,
TG(18:3_12:2_11:2),XIC,C44 H70 O6,ESI,712.55106547,NH4-Gain,+,1,15.744320082856175,,
TG(18:3_12:2_11:2),XIC,C44 H70 O6,ESI,712.55106547,NH4-Gain,+,1,16.366,,
TG(16:1_11:3_14:4),XIC,C44 H68 O6,ESI,710.53541547,NH4-Gain,+,1,13.374308053932303,,
TG(18:3_12:2_11:3),XIC,C44 H68 O6,ESI,710.53541547,NH4-Gain,+,1,13.53958114882907,,
TG(8:0_11:4_22:4),XIC,C44 H68 O6,ESI,693.50886647,H-Gain,+,1,16.41403364811041,,
TG(8:0_11:3_22:5),XIC,C44 H68 O6,ESI,693.50886647,H-Gain,+,1,16.547,,
TG(18:4_11:3_12:2),XIC,C44 H66 O6,ESI,691.49321647,H-Gain,+,1,14.626348202686188,,
TG(16:0_10:0_16:0),XIC,C45 H86 O6,ESI,740.67626547,NH4-Gain,+,1,20.136170165260673,,
TG(16:0_8:0_18:1),XIC,C45 H84 O6,ESI,738.6606154699999,NH4-Gain,+,1,18.654459809296096,,
TG(16:0_10:1_16:0),XIC,C45 H84 O6,ESI,738.6606154699999,NH4-Gain,+,1,18.929000000000002,,
TG(16:0_16:1_10:0),XIC,C45 H84 O6,ESI,738.6606154699999,NH4-Gain,+,1,19.334760323862398,,
TG(16:1_10:0_16:0),XIC,C45 H84 O6,ESI,738.6606154699999,NH4-Gain,+,1,19.454821672161803,,
TG(18:0_18:1_6:0),XIC,C45 H84 O6,ESI,738.6606154699999,NH4-Gain,+,1,19.569065678957493,,
TG(18:0_18:1_6:0),XIC,C45 H84 O6,ESI,738.6606154699999,NH4-Gain,+,1,19.804674842647326,,
TG(20:4e_10:3_12:3),XIC,C45 H68 O5,ESI,706.54050047,NH4-Gain,+,1,9.2,,
TG(18:1_18:1_6:0),XIC,C45 H82 O6,ESI,736.6449654699999,NH4-Gain,+,1,17.709965895287237,,
TG(16:1_10:0_16:1),XIC,C45 H82 O6,ESI,736.6449654699999,NH4-Gain,+,1,18.323865856400143,,
TG(16:1_16:1_10:0),XIC,C45 H82 O6,ESI,736.6449654699999,NH4-Gain,+,1,18.568360753741207,,
TG(18:1_18:1_6:0),XIC,C45 H82 O6,ESI,736.6449654699999,NH4-Gain,+,1,18.811667700081973,,
TG(4:0_18:2_20:0),XIC,C45 H82 O6,ESI,736.6449654699999,NH4-Gain,+,1,19.087,,
TG(6:0_18:1_18:2),XIC,C45 H80 O6,ESI,734.62931547,NH4-Gain,+,1,16.634,,
TG(19:1_11:0_12:2),XIC,C45 H80 O6,ESI,734.62931547,NH4-Gain,+,1,17.087,,
TG(16:2_8:0_18:1),XIC,C45 H80 O6,ESI,734.62931547,NH4-Gain,+,1,17.192,,
TG(6:0_18:2_18:1),XIC,C45 H80 O6,ESI,734.62931547,NH4-Gain,+,1,17.63832126345027,,
TG(16:0_16:1_10:2),XIC,C45 H80 O6,ESI,734.62931547,NH4-Gain,+,1,18.01105309876218,,
TG(16:0_10:2_16:1),XIC,C45 H80 O6,ESI,734.62931547,NH4-Gain,+,1,18.446,,
TG(19:0_9:0_14:4),XIC,C45 H78 O6,ESI,732.61366547,NH4-Gain,+,1,15.151,,
TG(6:0_18:2_18:2),XIC,C45 H78 O6,ESI,732.61366547,NH4-Gain,+,1,15.447655646196983,,
TG(18:2_18:2_6:0),XIC,C45 H78 O6,ESI,732.61366547,NH4-Gain,+,1,16.678,,
TG(16:0_12:4_14:0),XIC,C45 H78 O6,ESI,732.61366547,NH4-Gain,+,1,17.08906796596264,,
TG(6:0_18:1_18:3),XIC,C45 H78 O6,ESI,715.5871164700001,H-Gain,+,1,18.56442410618483,,
TG(4:0_16:0_22:5),XIC,C45 H76 O6,ESI,730.59801547,NH4-Gain,+,1,13.524,,
TG(20:1_11:1_11:3),XIC,C45 H76 O6,ESI,730.59801547,NH4-Gain,+,1,16.08606480779899,,
TG(16:0_16:1_10:4),XIC,C45 H76 O6,ESI,730.59801547,NH4-Gain,+,1,17.432331502915087,,
TG(4:0_18:1_20:4),XIC,C45 H76 O6,ESI,713.57146647,H-Gain,+,1,17.5541373847853,,
TG(4:0_18:1_20:4),XIC,C45 H76 O6,ESI,730.59801547,NH4-Gain,+,1,17.5541373847853,,
TG(18:1_12:2_12:2),XIC,C45 H76 O6,ESI,730.59801547,NH4-Gain,+,1,18.42349512858705,,
TG(18:1_12:2_12:2),XIC,C45 H76 O6,ESI,730.59801547,NH4-Gain,+,1,18.541959484691333,,
TG(16:1_10:4_16:1),XIC,C45 H74 O6,ESI,728.5823654699999,NH4-Gain,+,1,16.00252427320775,,
TG(16:2_10:4_16:0),XIC,C45 H74 O6,ESI,728.5823654699999,NH4-Gain,+,1,16.278930092108894,,
TG(16:3_10:3_16:0),XIC,C45 H74 O6,ESI,728.5823654699999,NH4-Gain,+,1,16.41469757596509,,
TG(17:0_14:3_11:3),XIC,C45 H74 O6,ESI,728.5823654699999,NH4-Gain,+,1,17.190286114105366,,
TG(18:2_12:2_12:2),XIC,C45 H74 O6,ESI,728.5823654699999,NH4-Gain,+,1,17.47344694080009,,
TG(16:2_10:4_16:1),XIC,C45 H72 O6,ESI,726.5667154699998,NH4-Gain,+,1,14.466,,
TG(16:3_10:4_16:0),XIC,C45 H72 O6,ESI,726.5667154699998,NH4-Gain,+,1,15.047023729774352,,
TG(4:0_18:2_20:5),XIC,C45 H72 O6,ESI,709.5401664699999,H-Gain,+,1,15.235,,
TG(18:2_12:2_12:3),XIC,C45 H72 O6,ESI,726.5667154699998,NH4-Gain,+,1,16.26236336453007,,
TG(17:1_11:4_14:2),XIC,C45 H72 O6,ESI,726.5667154699998,NH4-Gain,+,1,16.375,,
TG(18:3_12:2_12:2),XIC,C45 H72 O6,ESI,726.5667154699998,NH4-Gain,+,1,16.477,,
TG(9:0_18:1_16:0),XIC,C46 H86 O6,ESI,752.67626547,NH4-Gain,+,1,19.630657750928528,,
TG(16:0_11:1_16:0),XIC,C46 H86 O6,ESI,752.67626547,NH4-Gain,+,1,20.064157035815857,,
TG(18:3_11:4_14:3),XIC,C46 H68 O6,ESI,734.53541547,NH4-Gain,+,1,12.130299395122242,,
TG(20:5_11:3_12:2),XIC,C46 H68 O6,ESI,717.50886647,H-Gain,+,1,15.012709776029881,,
TG(18:4_11:3_14:4),XIC,C46 H66 O6,ESI,715.49321647,H-Gain,+,1,13.365496401829423,,
TG(16:1_11:1_16:0),XIC,C46 H84 O6,ESI,750.6606154699999,NH4-Gain,+,1,19.21973544204379,,
TG(16:1_11:1_16:1),XIC,C46 H82 O6,ESI,748.6449654699999,NH4-Gain,+,1,18.230713624544173,,
TG(16:1_11:1_16:1),XIC,C46 H82 O6,ESI,748.6449654699999,NH4-Gain,+,1,18.39225455223763,,
TG(14:0_18:2_11:1),XIC,C46 H82 O6,ESI,748.6449654699999,NH4-Gain,+,1,18.531,,
TG(16:0_11:3_16:0),XIC,C46 H82 O6,ESI,748.6449654699999,NH4-Gain,+,1,18.81,,
TG(14:0_11:1_18:3),XIC,C46 H80 O6,ESI,746.62931547,NH4-Gain,+,1,17.555,,
TG(18:0_11:2_14:2),XIC,C46 H80 O6,ESI,746.62931547,NH4-Gain,+,1,19.93310896348527,,
TG(18:1_14:2_11:2),XIC,C46 H78 O6,ESI,744.61366547,NH4-Gain,+,1,17.943981348474036,,
TG(22:1_10:3_11:1),XIC,C46 H78 O6,ESI,744.61366547,NH4-Gain,+,1,18.127,,
TG(18:0_11:2_14:3),XIC,C46 H78 O6,ESI,744.61366547,NH4-Gain,+,1,18.973685160338093,,
TG(18:0_11:4_14:1),XIC,C46 H78 O6,ESI,744.61366547,NH4-Gain,+,1,19.08900431127594,,
TG(14:1e_11:3_18:1),XIC,C46 H80 O5,ESI,730.6344004700001,NH4-Gain,+,1,20.256000000000004,,
TG(18:1_14:2_11:3),XIC,C46 H76 O6,ESI,742.59801547,NH4-Gain,+,1,16.597048516057928,,
TG(18:1_14:2_11:3),XIC,C46 H76 O6,ESI,742.59801547,NH4-Gain,+,1,16.83935322217691,,
TG(19:0_12:2_12:4),XIC,C46 H76 O6,ESI,742.59801547,NH4-Gain,+,1,17.80696582125775,,
TG(19:0_12:2_12:4),XIC,C46 H76 O6,ESI,742.59801547,NH4-Gain,+,1,17.98727514474173,,
TG(18:1_11:2_14:3),XIC,C46 H76 O6,ESI,742.59801547,NH4-Gain,+,1,18.12209282414867,,
TG(18:1_11:4_14:1),XIC,C46 H76 O6,ESI,742.59801547,NH4-Gain,+,1,18.828449990937223,,
TG(14:1e_11:3_18:2),XIC,C46 H78 O5,ESI,728.61875047,NH4-Gain,+,1,19.522799626228725,,
TG(18:2_11:3_14:2),XIC,C46 H74 O6,ESI,740.5823654699999,NH4-Gain,+,1,15.048276981240901,,
TG(16:3_11:3_16:1),XIC,C46 H74 O6,ESI,740.5823654699999,NH4-Gain,+,1,15.170952670876547,,
TG(18:1_11:4_14:2),XIC,C46 H74 O6,ESI,740.5823654699999,NH4-Gain,+,1,15.72096356006723,,
TG(18:2_14:2_11:3),XIC,C46 H74 O6,ESI,740.5823654699999,NH4-Gain,+,1,16.728936272394414,,
TG(18:1_11:4_14:2),XIC,C46 H74 O6,ESI,740.5823654699999,NH4-Gain,+,1,16.844118150469452,,
TG(18:1_11:4_14:2),XIC,C46 H74 O6,ESI,740.5823654699999,NH4-Gain,+,1,17.264178646069535,,
TG(18:0_11:4_14:3),XIC,C46 H74 O6,ESI,740.5823654699999,NH4-Gain,+,1,17.368777874785746,,
TG(16:4_11:3_16:1),XIC,C46 H72 O6,ESI,738.5667154699998,NH4-Gain,+,1,13.36850017486572,,
TG(18:3_11:2_14:3),XIC,C46 H72 O6,ESI,738.5667154699998,NH4-Gain,+,1,13.542299487004415,,
TG(18:2_14:2_11:4),XIC,C46 H72 O6,ESI,738.5667154699998,NH4-Gain,+,1,15.390554739891927,,
TG(18:2_14:2_11:4),XIC,C46 H72 O6,ESI,738.5667154699998,NH4-Gain,+,1,15.583764931876777,,
TG(18:1_11:4_14:3),XIC,C46 H72 O6,ESI,738.5667154699998,NH4-Gain,+,1,15.718555350631817,,
TG(18:1_11:4_14:3),XIC,C46 H72 O6,ESI,738.5667154699998,NH4-Gain,+,1,16.388698710031953,,
TG(12:0_11:4_20:4),XIC,C46 H72 O6,ESI,721.5401664699999,H-Gain,+,1,17.83042082907905,,
TG(18:3_11:4_14:2),XIC,C46 H70 O6,ESI,736.55106547,NH4-Gain,+,1,13.834468397912085,,
TG(18:3_11:4_14:2),XIC,C46 H70 O6,ESI,736.55106547,NH4-Gain,+,1,13.989551388192936,,
TG(12:0_11:4_20:5),XIC,C46 H70 O6,ESI,719.5245164700001,H-Gain,+,1,16.74254255969179,,
TG(12:0_11:4_20:5),XIC,C46 H70 O6,ESI,719.5245164700001,H-Gain,+,1,16.876608155182243,,
TG(16:0_12:0_16:0),XIC,C47 H90 O6,ESI,768.7075654699998,NH4-Gain,+,1,20.67567575756107,,
TG(16:0_10:0_18:1),XIC,C47 H88 O6,ESI,766.69191547,NH4-Gain,+,1,19.39517260657368,,
TG(10:0_18:1_16:0),XIC,C47 H88 O6,ESI,766.69191547,NH4-Gain,+,1,20.1014760579593,,
TG(20:2e_10:4_14:4),XIC,C47 H72 O5,ESI,734.5718004699999,NH4-Gain,+,1,11.163,,
TG(22:6_10:1_12:4),XIC,C47 H68 O6,ESI,746.53541547,NH4-Gain,+,1,4.773706723005672,,
TG(22:6_10:1_12:4),XIC,C47 H68 O6,ESI,746.53541547,NH4-Gain,+,1,5.285289328326318,,
TG(20:4e_10:3_14:4),XIC,C47 H70 O5,ESI,732.55615047,NH4-Gain,+,1,9.224,,
TG(16:1_12:0_16:1),XIC,C47 H86 O6,ESI,764.67626547,NH4-Gain,+,1,19.43181829634082,,
TG(16:1_18:1_10:0),XIC,C47 H86 O6,ESI,764.67626547,NH4-Gain,+,1,19.541457589410214,,
TG(16:0_18:1_10:1),XIC,C47 H86 O6,ESI,764.67626547,NH4-Gain,+,1,19.691787993310097,,
TG(10:0_18:2_16:1),XIC,C47 H84 O6,ESI,762.6606154699999,NH4-Gain,+,1,18.399,,
TG(16:1_18:2_10:0),XIC,C47 H84 O6,ESI,762.6606154699999,NH4-Gain,+,1,18.537785639923683,,
TG(10:0_18:2_16:1),XIC,C47 H84 O6,ESI,762.6606154699999,NH4-Gain,+,1,18.795523923022188,,
TG(16:0_10:1_18:2),XIC,C47 H84 O6,ESI,762.6606154699999,NH4-Gain,+,1,18.947284141017263,,
TG(16:0_18:1_10:2),XIC,C47 H84 O6,ESI,762.6606154699999,NH4-Gain,+,1,19.415003914301547,,
TG(16:0_10:1_18:3),XIC,C47 H82 O6,ESI,760.6449654699999,NH4-Gain,+,1,17.822,,
TG(16:0_10:2_18:2),XIC,C47 H82 O6,ESI,760.6449654699999,NH4-Gain,+,1,18.290060107637114,,
TG(16:0_18:1_10:3),XIC,C47 H82 O6,ESI,760.6449654699999,NH4-Gain,+,1,18.568429740214846,,
TG(16:0e_16:0_12:4),XIC,C47 H84 O5,ESI,767.59503447,K-Gain,+,1,14.747,,
TG(16:1_10:1_18:3),XIC,C47 H80 O6,ESI,758.62931547,NH4-Gain,+,1,17.095,,
TG(16:0_18:2_10:3),XIC,C47 H80 O6,ESI,758.62931547,NH4-Gain,+,1,17.616585794755114,,
TG(16:0_18:2_10:3),XIC,C47 H80 O6,ESI,758.62931547,NH4-Gain,+,1,17.755,,
TG(16:2_10:3_18:0),XIC,C47 H80 O6,ESI,758.62931547,NH4-Gain,+,1,18.586,,
TG(16:0_18:3_10:3),XIC,C47 H78 O6,ESI,756.61366547,NH4-Gain,+,1,16.740211772604525,,
TG(16:2_10:3_18:1),XIC,C47 H78 O6,ESI,756.61366547,NH4-Gain,+,1,17.41501143610926,,
TG(16:0_18:2_10:4),XIC,C47 H78 O6,ESI,756.61366547,NH4-Gain,+,1,18.368,,
TG(19:1_11:2_14:3),XIC,C47 H78 O6,ESI,756.61366547,NH4-Gain,+,1,18.643377331815124,,
TG(16:1_10:3_18:3),XIC,C47 H76 O6,ESI,754.59801547,NH4-Gain,+,1,15.092,,
TG(16:2_10:4_18:1),XIC,C47 H76 O6,ESI,754.59801547,NH4-Gain,+,1,16.298639815197056,,
TG(18:2_12:4_14:2),XIC,C47 H74 O6,ESI,752.5823654699999,NH4-Gain,+,1,14.844,,
TG(18:2_12:4_14:2),XIC,C47 H74 O6,ESI,752.5823654699999,NH4-Gain,+,1,15.069355466402165,,
TG(16:4_12:4_16:0),XIC,C47 H74 O6,ESI,735.55581647,H-Gain,+,1,17.365,,
TG(16:3_10:3_18:3),XIC,C47 H72 O6,ESI,750.5667154699998,NH4-Gain,+,1,13.195,,
TG(16:0_18:1_11:0),XIC,C48 H90 O6,ESI,780.7075654699998,NH4-Gain,+,1,20.295731022796453,,
TG(20:5_11:4_14:2),XIC,C48 H70 O6,ESI,743.5245164700001,H-Gain,+,1,15.38950828408818,,
TG(20:5_11:4_14:2),XIC,C48 H70 O6,ESI,743.5245164700001,H-Gain,+,1,15.588,,
TG(20:5_11:3_14:4),XIC,C48 H68 O6,ESI,741.50886647,H-Gain,+,1,13.816,,
TG(28:1_6:0_11:1),XIC,C48 H88 O6,ESI,778.69191547,NH4-Gain,+,1,19.293716265893256,,
TG(16:0_11:1_18:1),XIC,C48 H88 O6,ESI,778.69191547,NH4-Gain,+,1,19.437,,
TG(18:1_11:1_16:0),XIC,C48 H88 O6,ESI,778.69191547,NH4-Gain,+,1,20.032987030904007,,
TG(18:2_11:1_16:0),XIC,C48 H86 O6,ESI,776.67626547,NH4-Gain,+,1,19.34763506787917,,
TG(16:1_18:2_11:1),XIC,C48 H84 O6,ESI,774.6606154699999,NH4-Gain,+,1,18.396479512460925,,
TG(18:3_11:1_16:0),XIC,C48 H84 O6,ESI,774.6606154699999,NH4-Gain,+,1,18.700039357767114,,
TG(16:1_18:3_11:1),XIC,C48 H82 O6,ESI,772.6449654699999,NH4-Gain,+,1,17.615045985871767,,
TG(18:0_11:4_16:1),XIC,C48 H82 O6,ESI,772.6449654699999,NH4-Gain,+,1,19.047388578649148,,
TG(20:0_11:2_14:3),XIC,C48 H82 O6,ESI,772.6449654699999,NH4-Gain,+,1,19.92788840435317,,
TG(16:2_11:3_18:1),XIC,C48 H80 O6,ESI,770.62931547,NH4-Gain,+,1,17.90776654229325,,
TG(18:1_10:4_17:1),XIC,C48 H80 O6,ESI,770.62931547,NH4-Gain,+,1,18.02536244400489,,
TG(18:1_10:4_17:1),XIC,C48 H80 O6,ESI,770.62931547,NH4-Gain,+,1,18.187492696402167,,
TG(20:0_11:4_14:2),XIC,C48 H80 O6,ESI,770.62931547,NH4-Gain,+,1,19.20994171640187,,
TG(20:0_11:4_14:2),XIC,C48 H80 O6,ESI,770.62931547,NH4-Gain,+,1,19.325,,
TG(16:2_11:3_18:2),XIC,C48 H78 O6,ESI,768.61366547,NH4-Gain,+,1,16.825464493322013,,
TG(16:0_11:4_18:3),XIC,C48 H78 O6,ESI,768.61366547,NH4-Gain,+,1,17.320697710613594,,
TG(20:0_11:3_14:4),XIC,C48 H78 O6,ESI,768.61366547,NH4-Gain,+,1,18.52539546104602,,
TG(16:3_11:4_18:1),XIC,C48 H76 O6,ESI,766.59801547,NH4-Gain,+,1,15.58579566406728,,
TG(16:2_11:4_18:2),XIC,C48 H76 O6,ESI,766.59801547,NH4-Gain,+,1,15.724370221602888,,
TG(20:4_11:3_14:1),XIC,C48 H76 O6,ESI,749.57146647,H-Gain,+,1,19.111,,
TG(16:3_11:4_18:2),XIC,C48 H74 O6,ESI,764.5823654699999,NH4-Gain,+,1,13.835,,
TG(20:5_11:2_14:2),XIC,C48 H74 O6,ESI,747.55581647,H-Gain,+,1,18.149,,
TG(16:0_16:0_14:0),XIC,C49 H94 O6,ESI,796.73886547,NH4-Gain,+,1,21.09881506628563,,
TG(16:0_12:0_18:1),XIC,C49 H92 O6,ESI,794.7232154699999,NH4-Gain,+,1,20.171372698188783,,
TG(16:0_12:0_18:1),XIC,C49 H92 O6,ESI,794.7232154699999,NH4-Gain,+,1,20.63500248324493,,
TG(18:3e_10:4_18:3),XIC,C49 H76 O5,ESI,762.60310047,NH4-Gain,+,1,13.71773562003714,,
TG(16:0_12:1_18:1),XIC,C49 H90 O6,ESI,792.7075654699998,NH4-Gain,+,1,19.537054621457337,,
TG(16:0_18:2_12:0),XIC,C49 H90 O6,ESI,792.7075654699998,NH4-Gain,+,1,20.165262868867,,
TG(16:1_18:2_12:0),XIC,C49 H88 O6,ESI,790.69191547,NH4-Gain,+,1,19.413481396055698,,
TG(16:0_18:3_12:0),XIC,C49 H88 O6,ESI,790.69191547,NH4-Gain,+,1,19.65043862866931,,
TG(18:2_18:2_10:0),XIC,C49 H86 O6,ESI,788.67626547,NH4-Gain,+,1,18.744427116256336,,
TG(16:0_12:1_18:3),XIC,C49 H86 O6,ESI,788.67626547,NH4-Gain,+,1,19.033228220935953,,
TG(18:0_18:1_10:3),XIC,C49 H86 O6,ESI,788.67626547,NH4-Gain,+,1,19.535863454938355,,
TG(20:4e_13:0_13:0),XIC,C49 H88 O5,ESI,795.6263344700001,K-Gain,+,1,18.896217661291402,,
TG(18:2_18:2_10:1),XIC,C49 H84 O6,ESI,786.6606154699999,NH4-Gain,+,1,18.20149482006836,,
TG(18:1_18:1_10:3),XIC,C49 H84 O6,ESI,786.6606154699999,NH4-Gain,+,1,18.542,,
TG(16:0_12:4_18:1),XIC,C49 H84 O6,ESI,786.6606154699999,NH4-Gain,+,1,18.781,,
TG(18:1_18:2_10:3),XIC,C49 H82 O6,ESI,784.6449654699999,NH4-Gain,+,1,17.64364569939279,,
TG(18:1_10:3_18:3),XIC,C49 H80 O6,ESI,782.62931547,NH4-Gain,+,1,16.735,,
TG(16:0_13:0_18:1),XIC,C50 H94 O6,ESI,808.73886547,NH4-Gain,+,1,20.80834116181792,,
TG(18:0_11:1_18:1),XIC,C50 H92 O6,ESI,806.7232154699999,NH4-Gain,+,1,20.10175706542291,,
TG(18:0_11:1_18:1),XIC,C50 H92 O6,ESI,806.7232154699999,NH4-Gain,+,1,20.566339746481766,,
TG(16:0_11:1_20:1),XIC,C50 H92 O6,ESI,806.7232154699999,NH4-Gain,+,1,20.685,,
TG(18:1_18:1_11:1),XIC,C50 H90 O6,ESI,804.7075654699998,NH4-Gain,+,1,19.424233337424813,,
TG(20:0_11:3_16:0),XIC,C50 H90 O6,ESI,804.7075654699998,NH4-Gain,+,1,19.811578705799075,,
TG(18:1_11:1_18:1),XIC,C50 H90 O6,ESI,804.7075654699998,NH4-Gain,+,1,20.02138238763752,,
TG(18:2_11:1_18:0),XIC,C50 H90 O6,ESI,804.7075654699998,NH4-Gain,+,1,20.183176310536215,,
TG(18:0_11:2_18:2),XIC,C50 H88 O6,ESI,802.69191547,NH4-Gain,+,1,18.467,,
TG(18:1_11:1_18:2),XIC,C50 H88 O6,ESI,802.69191547,NH4-Gain,+,1,18.740531197841793,,
TG(18:1_11:1_18:2),XIC,C50 H88 O6,ESI,802.69191547,NH4-Gain,+,1,19.34095315876456,,
TG(18:3_11:1_18:0),XIC,C50 H88 O6,ESI,802.69191547,NH4-Gain,+,1,19.654001658584452,,
TG(18:2_11:1_18:2),XIC,C50 H86 O6,ESI,800.67626547,NH4-Gain,+,1,18.65969995063003,,
TG(18:1_11:3_18:1),XIC,C50 H86 O6,ESI,800.67626547,NH4-Gain,+,1,19.97765144142587,,
TG(18:3_18:2_11:1),XIC,C50 H84 O6,ESI,798.6606154699999,NH4-Gain,+,1,17.80101935875959,,
TG(16:0_16:0_16:0),XIC,C51 H98 O6,ESI,824.77016547,NH4-Gain,+,1,21.43377736330047,,
TG(16:0_16:0_16:1),XIC,C51 H96 O6,ESI,822.75451547,NH4-Gain,+,1,21.06014276478298,,
TG(16:0_16:1_16:0),XIC,C51 H96 O6,ESI,822.75451547,NH4-Gain,+,1,21.60970498767678,,
TG(16:0_16:1_16:0),XIC,C51 H96 O6,ESI,822.75451547,NH4-Gain,+,1,21.83559841018369,,
TG(16:0_16:0_16:1),XIC,C51 H96 O6,ESI,822.75451547,NH4-Gain,+,1,22.431,,
TG(16:0_16:1_16:1),XIC,C51 H94 O6,ESI,820.73886547,NH4-Gain,+,1,20.630113843037766,,
TG(16:1_16:1_16:0),XIC,C51 H94 O6,ESI,820.73886547,NH4-Gain,+,1,21.272733804653562,,
TG(12:0_22:2_14:1),XIC,C51 H92 O6,ESI,818.7232154699999,NH4-Gain,+,1,19.726336161579752,,
TG(16:1_16:1_16:1),XIC,C51 H92 O6,ESI,818.7232154699999,NH4-Gain,+,1,20.114783845019492,,
TG(16:1_16:1_16:1),XIC,C51 H92 O6,ESI,818.7232154699999,NH4-Gain,+,1,20.338983620738908,,
TG(18:2_18:2_12:0),XIC,C51 H90 O6,ESI,816.7075654699998,NH4-Gain,+,1,19.618682437912724,,
TG(12:0_18:3_18:2),XIC,C51 H88 O6,ESI,814.69191547,NH4-Gain,+,1,18.918955974599264,,
TG(16:0_18:3_14:2),XIC,C51 H88 O6,ESI,814.69191547,NH4-Gain,+,1,19.251604239321697,,
TG(16:1_14:2_18:3),XIC,C51 H86 O6,ESI,812.67626547,NH4-Gain,+,1,18.189,,
TG(15:0_18:1_16:0),XIC,C52 H98 O6,ESI,836.77016547,NH4-Gain,+,1,21.228268809665988,,
TG(16:1_17:1_16:0),XIC,C52 H96 O6,ESI,834.75451547,NH4-Gain,+,1,20.941094821462137,,
TG(16:1_17:1_16:0),XIC,C52 H96 O6,ESI,834.75451547,NH4-Gain,+,1,21.103,,
TG(16:1_17:1_16:1),XIC,C52 H94 O6,ESI,832.73886547,NH4-Gain,+,1,20.47830538262295,,
TG(16:1_18:2_15:0),XIC,C52 H94 O6,ESI,832.73886547,NH4-Gain,+,1,20.611816199597968,,
TG(18:1_13:0_18:3),XIC,C52 H92 O6,ESI,830.7232154699999,NH4-Gain,+,1,19.870627107852908,,
TG(18:1_13:0_18:3),XIC,C52 H92 O6,ESI,830.7232154699999,NH4-Gain,+,1,20.01912444472484,,
TG(16:2_15:0_18:3),XIC,C52 H90 O6,ESI,828.7075654699998,NH4-Gain,+,1,19.494,,
TG(16:0_16:0_18:0),XIC,C53 H102 O6,ESI,852.8014654699999,NH4-Gain,+,1,21.39979311645217,,
TG(16:0_16:0_18:0),XIC,C53 H102 O6,ESI,852.8014654699999,NH4-Gain,+,1,21.7288186312854,,
TG(16:0_16:0_18:1),XIC,C53 H100 O6,ESI,850.7858154699999,NH4-Gain,+,1,21.399990292447033,,
TG(16:0_16:0_18:1),XIC,C53 H100 O6,ESI,850.7858154699999,NH4-Gain,+,1,22.122952824279245,,
TG(16:0_18:1_16:0),XIC,C53 H100 O6,ESI,850.7858154699999,NH4-Gain,+,1,23.219789502636676,,
TG(16:0_16:0_18:1),XIC,C53 H100 O6,ESI,850.7858154699999,NH4-Gain,+,1,23.441609902583327,,
TG(16:0_16:0_18:1),XIC,C53 H100 O6,ESI,850.7858154699999,NH4-Gain,+,1,25.38851873674783,,
TG(16:0_16:0_18:1),XIC,C53 H100 O6,ESI,850.7858154699999,NH4-Gain,+,1,25.54834999738062,,
TG(16:0_16:0_18:1),XIC,C53 H100 O6,ESI,850.7858154699999,NH4-Gain,+,1,26.804465320116115,,
TG(16:1_18:1_16:0),XIC,C53 H98 O6,ESI,848.77016547,NH4-Gain,+,1,21.0458551082887,,
TG(16:0_16:0_18:2),XIC,C53 H98 O6,ESI,848.77016547,NH4-Gain,+,1,21.160036101206625,,
TG(16:0_16:1_18:1),XIC,C53 H98 O6,ESI,848.77016547,NH4-Gain,+,1,21.61515528880468,,
TG(16:0_16:1_18:1),XIC,C53 H98 O6,ESI,848.77016547,NH4-Gain,+,1,21.81170714316711,,
TG(16:0_16:1_18:1),XIC,C53 H98 O6,ESI,848.77016547,NH4-Gain,+,1,25.753,,
TG(16:1_18:1_16:0),XIC,C53 H98 O6,ESI,848.77016547,NH4-Gain,+,1,26.81233308418127,,
TG(16:0_16:1_18:1),XIC,C53 H98 O6,ESI,848.77016547,NH4-Gain,+,1,26.951416522591938,,
TG(16:0_16:1_18:1),XIC,C53 H98 O6,ESI,848.77016547,NH4-Gain,+,1,27.3161118238211,,
TG(16:1_16:1_18:1),XIC,C53 H96 O6,ESI,846.75451547,NH4-Gain,+,1,20.689202428110715,,
TG(16:0_16:0_18:3),XIC,C53 H96 O6,ESI,846.75451547,NH4-Gain,+,1,20.84724728029792,,
TG(16:1_18:2_16:0),XIC,C53 H96 O6,ESI,846.75451547,NH4-Gain,+,1,21.287875873192355,,
TG(16:1_16:1_18:2),XIC,C53 H94 O6,ESI,844.73886547,NH4-Gain,+,1,20.166530821394943,,
TG(16:1_16:1_18:2),XIC,C53 H94 O6,ESI,844.73886547,NH4-Gain,+,1,20.339061585416577,,
TG(16:1_16:1_18:3),XIC,C53 H92 O6,ESI,842.7232154699999,NH4-Gain,+,1,19.661663982575366,,
TG(16:1_18:3_16:1),XIC,C53 H92 O6,ESI,842.7232154699999,NH4-Gain,+,1,19.782,,
TG(14:0_18:3_18:3),XIC,C53 H90 O6,ESI,840.7075654699998,NH4-Gain,+,1,19.136808897059588,,
TG(12:0e_16:0_23:0),XIC,C54 H106 O5,ESI,873.7671844700001,K-Gain,+,1,20.419013898309203,,
TG(16:0_18:1_17:0),XIC,C54 H102 O6,ESI,864.8014654699999,NH4-Gain,+,1,21.519542509702777,,
TG(18:1_17:1_16:0),XIC,C54 H100 O6,ESI,862.7858154699999,NH4-Gain,+,1,21.282360701740735,,
TG(16:1_18:1_17:1),XIC,C54 H98 O6,ESI,860.77016547,NH4-Gain,+,1,20.968962701481402,,
TG(18:2_18:2_15:0),XIC,C54 H96 O6,ESI,858.75451547,NH4-Gain,+,1,20.58393937352987,,
TG(18:3_17:1_16:0),XIC,C54 H96 O6,ESI,858.75451547,NH4-Gain,+,1,20.707,,
TG(15:0_18:2_18:3),XIC,C54 H94 O6,ESI,856.73886547,NH4-Gain,+,1,20.144202837355856,,
TG(20:0_16:0_16:0),XIC,C55 H106 O6,ESI,880.83276547,NH4-Gain,+,1,21.697043050137033,,
TG(20:0_16:0_16:0),XIC,C55 H106 O6,ESI,880.83276547,NH4-Gain,+,1,21.959550608060642,,
TG(16:0_16:0_20:1),XIC,C55 H104 O6,ESI,878.81711547,NH4-Gain,+,1,21.392,,
TG(18:0_18:1_16:0),XIC,C55 H104 O6,ESI,878.81711547,NH4-Gain,+,1,21.686243022247552,,
TG(18:0_16:0_18:1),XIC,C55 H104 O6,ESI,878.81711547,NH4-Gain,+,1,22.269309677249087,,
TG(16:0_18:1_18:0),XIC,C55 H104 O6,ESI,878.81711547,NH4-Gain,+,1,22.40365581430348,,
TG(18:0e_18:1_16:0),XIC,C55 H106 O5,ESI,864.83785047,NH4-Gain,+,1,22.095391271099665,,
TG(18:0_16:1_18:1),XIC,C55 H102 O6,ESI,876.8014654699999,NH4-Gain,+,1,21.10351097162793,,
TG(18:1_18:1_16:0),XIC,C55 H102 O6,ESI,876.8014654699999,NH4-Gain,+,1,21.37036104592836,,
TG(18:1_18:1_16:0),XIC,C55 H102 O6,ESI,876.8014654699999,NH4-Gain,+,1,21.92654594592403,,
TG(18:1_18:1_16:0),XIC,C55 H102 O6,ESI,876.8014654699999,NH4-Gain,+,1,22.097338808953623,,
TG(18:1_18:1_16:0),XIC,C55 H102 O6,ESI,876.8014654699999,NH4-Gain,+,1,26.80868094666739,,
TG(18:0e_16:0_18:2),XIC,C55 H104 O5,ESI,862.82220047,NH4-Gain,+,1,21.87326822395329,,
TG(16:0_18:1_18:2),XIC,C55 H100 O6,ESI,874.7858154699999,NH4-Gain,+,1,20.821,,
TG(16:1_18:1_18:1),XIC,C55 H100 O6,ESI,874.7858154699999,NH4-Gain,+,1,21.09784986505651,,
TG(18:1_18:2_16:0),XIC,C55 H100 O6,ESI,874.7858154699999,NH4-Gain,+,1,21.61234298429986,,
TG(18:1_18:2_16:0),XIC,C55 H100 O6,ESI,874.7858154699999,NH4-Gain,+,1,21.851982722119082,,
TG(16:0_18:1_18:2),XIC,C55 H100 O6,ESI,874.7858154699999,NH4-Gain,+,1,25.597,,
TG(18:1_18:2_16:0),XIC,C55 H100 O6,ESI,874.7858154699999,NH4-Gain,+,1,26.83221428028515,,
TG(16:0_18:1_18:2),XIC,C55 H100 O6,ESI,874.7858154699999,NH4-Gain,+,1,26.94445690502046,,
TG(18:0e_16:1_18:2),XIC,C55 H102 O5,ESI,860.8065504699999,NH4-Gain,+,1,21.557,,
TG(16:0_18:1_18:3),XIC,C55 H98 O6,ESI,872.77016547,NH4-Gain,+,1,20.40999863489065,,
TG(16:1_18:1_18:2),XIC,C55 H98 O6,ESI,872.77016547,NH4-Gain,+,1,20.806427279227456,,
TG(16:0_18:2_18:2),XIC,C55 H98 O6,ESI,872.77016547,NH4-Gain,+,1,21.294357811115727,,
TG(16:1_18:1_18:3),XIC,C55 H96 O6,ESI,870.75451547,NH4-Gain,+,1,20.045,,
TG(18:2_18:2_16:1),XIC,C55 H96 O6,ESI,870.75451547,NH4-Gain,+,1,20.387906972199133,,
TG(18:3_18:2_16:1),XIC,C55 H94 O6,ESI,868.73886547,NH4-Gain,+,1,19.76642252786451,,
TG(18:3_18:3_16:0),XIC,C55 H94 O6,ESI,868.73886547,NH4-Gain,+,1,19.985198557102425,,
TG(18:3_18:3_16:1),XIC,C55 H92 O6,ESI,866.7232154699999,NH4-Gain,+,1,19.171478496941067,,
TG(19:0_18:1_16:0),XIC,C56 H106 O6,ESI,892.83276547,NH4-Gain,+,1,21.769436484231893,,
TG(18:1_18:1_17:0),XIC,C56 H104 O6,ESI,890.81711547,NH4-Gain,+,1,21.56078424793808,,
TG(12:0e_18:2_23:0),XIC,C56 H106 O5,ESI,897.7671844700001,K-Gain,+,1,19.893,,
TG(18:1_17:1_18:1),XIC,C56 H102 O6,ESI,888.8014654699999,NH4-Gain,+,1,21.273783969079297,,
TG(18:1_17:1_18:2),XIC,C56 H100 O6,ESI,886.7858154699999,NH4-Gain,+,1,20.975066059475175,,
TG(18:1_18:3_17:1),XIC,C56 H98 O6,ESI,884.77016547,NH4-Gain,+,1,20.627,,
TG(18:0_20:0_16:0),XIC,C57 H110 O6,ESI,908.8640654699999,NH4-Gain,+,1,21.899,,
TG(18:0_20:0_16:0),XIC,C57 H110 O6,ESI,908.8640654699999,NH4-Gain,+,1,22.253,,
TG(20:0_16:0_18:1),XIC,C57 H108 O6,ESI,906.8484154699998,NH4-Gain,+,1,21.733,,
TG(20:0_18:1_16:0),XIC,C57 H108 O6,ESI,906.8484154699998,NH4-Gain,+,1,21.939118801540314,,
TG(20:0_18:1_16:0),XIC,C57 H108 O6,ESI,906.8484154699998,NH4-Gain,+,1,22.43071387697094,,
TG(20:0_18:1_16:0),XIC,C57 H108 O6,ESI,906.8484154699998,NH4-Gain,+,1,22.62276091216318,,
TG(18:1_18:1_18:0),XIC,C57 H106 O6,ESI,904.83276547,NH4-Gain,+,1,21.38547469365763,,
TG(18:1_18:1_18:0),XIC,C57 H106 O6,ESI,904.83276547,NH4-Gain,+,1,21.66417689616827,,
TG(18:1_18:1_18:0),XIC,C57 H106 O6,ESI,904.83276547,NH4-Gain,+,1,22.239043175568792,,
TG(18:0_18:1_18:1),XIC,C57 H106 O6,ESI,904.83276547,NH4-Gain,+,1,22.438308363822646,,
TG(18:0e_18:1_18:1),XIC,C57 H108 O5,ESI,890.8535004699999,NH4-Gain,+,1,22.072002278726266,,
TG(18:1_18:1_18:1),XIC,C57 H104 O6,ESI,902.81711547,NH4-Gain,+,1,21.118225824245393,,
TG(18:1_18:1_18:1),XIC,C57 H104 O6,ESI,902.81711547,NH4-Gain,+,1,21.350360300691786,,
TG(18:1_18:1_18:1),XIC,C57 H104 O6,ESI,902.81711547,NH4-Gain,+,1,21.467891357992492,,
TG(18:0_18:2_18:1),XIC,C57 H104 O6,ESI,902.81711547,NH4-Gain,+,1,22.034,,
TG(18:1_18:1_18:1),XIC,C57 H104 O6,ESI,902.81711547,NH4-Gain,+,1,22.17,,
TG(18:3e_17:0_19:0),XIC,C57 H106 O5,ESI,888.83785047,NH4-Gain,+,1,21.853052481658732,,
TG(18:1_18:2_18:1),XIC,C57 H102 O6,ESI,900.8014654699999,NH4-Gain,+,1,20.859,,
TG(18:1_18:1_18:2),XIC,C57 H102 O6,ESI,900.8014654699999,NH4-Gain,+,1,21.066518723462,,
TG(18:1_18:1_18:2),XIC,C57 H102 O6,ESI,900.8014654699999,NH4-Gain,+,1,21.197687069478263,,
TG(18:1_18:2_18:2),XIC,C57 H100 O6,ESI,898.7858154699999,NH4-Gain,+,1,20.44497666739738,,
TG(18:1_18:3_18:1),XIC,C57 H100 O6,ESI,898.7858154699999,NH4-Gain,+,1,20.788463391557002,,
TG(18:2_18:2_18:1),XIC,C57 H100 O6,ESI,898.7858154699999,NH4-Gain,+,1,20.90085464997345,,
TG(18:4_18:1_18:1),XIC,C57 H98 O6,ESI,896.77016547,NH4-Gain,+,1,19.82976124951337,,
TG(18:4_17:1_19:1),XIC,C57 H98 O6,ESI,896.77016547,NH4-Gain,+,1,19.990589517429484,,
TG(18:2_18:2_18:2),XIC,C57 H98 O6,ESI,896.77016547,NH4-Gain,+,1,20.39849068963458,,
TG(18:3_18:3_18:1),XIC,C57 H96 O6,ESI,894.75451547,NH4-Gain,+,1,19.924537020418114,,
TG(18:3_18:3_18:2),XIC,C57 H94 O6,ESI,892.73886547,NH4-Gain,+,1,19.2957769053367,,
TG(16:0_18:1_21:0),XIC,C58 H110 O6,ESI,920.8640654699999,NH4-Gain,+,1,22.058099968596288,,
TG(16:0_21:0_18:2),XIC,C58 H108 O6,ESI,918.8484154699998,NH4-Gain,+,1,21.854,,
TG(20:0_16:0_20:1),XIC,C59 H112 O6,ESI,934.87971547,NH4-Gain,+,1,21.97,,
TG(18:0_18:1_20:0),XIC,C59 H112 O6,ESI,934.87971547,NH4-Gain,+,1,22.182925094481636,,
TG(18:1_18:1_20:0),XIC,C59 H110 O6,ESI,932.8640654699999,NH4-Gain,+,1,21.916696534659074,,
TG(20:1_18:1_18:1),XIC,C59 H108 O6,ESI,930.8484154699998,NH4-Gain,+,1,21.705663580367595,,
TG(20:0_18:1_18:3),XIC,C59 H106 O6,ESI,928.83276547,NH4-Gain,+,1,21.494865956614376,,
TG(18:3e_19:1_19:1),XIC,C59 H106 O5,ESI,895.8113014700001,H-Gain,+,1,20.827,,
TG(16:0_18:1_22:6),XIC,C59 H100 O6,ESI,922.7858154699999,NH4-Gain,+,1,19.951,,
TG(18:1_23:0_16:0),XIC,C60 H114 O6,ESI,948.89536547,NH4-Gain,+,1,22.319817279614234,,
TG(16:0_23:1_18:1),XIC,C60 H112 O6,ESI,946.87971547,NH4-Gain,+,1,22.007335440632435,,
TG(16:0_18:1_24:0),XIC,C61 H116 O6,ESI,962.91101547,NH4-Gain,+,1,22.22725491911892,,
TG(18:1_24:0_16:0),XIC,C61 H116 O6,ESI,962.91101547,NH4-Gain,+,1,22.454677108094216,,
TG(18:1_18:1_22:0),XIC,C61 H114 O6,ESI,960.89536547,NH4-Gain,+,1,22.19838149363436,,
TG(26:0_18:1_16:0),XIC,C63 H120 O6,ESI,990.9423154699999,NH4-Gain,+,1,22.747472235889763,,
TG(26:1_16:0_18:1),XIC,C63 H118 O6,ESI,988.9266654699999,NH4-Gain,+,1,22.45460283767538,,
TG(28:0_16:0_18:1),XIC,C65 H124 O6,ESI,1018.97361547,NH4-Gain,+,1,22.731,,
TG(28:0_18:1_16:0),XIC,C65 H124 O6,ESI,1018.97361547,NH4-Gain,+,1,23.05374941199003,,
TG(26:0_18:1_18:1),XIC,C65 H122 O6,ESI,1016.95796547,NH4-Gain,+,1,22.714671736951566,,
TG(26:1_18:1_18:1),XIC,C65 H120 O6,ESI,1014.9423154699999,NH4-Gain,+,1,22.304238460309204,,
TG(29:0_16:0_18:1),XIC,C66 H126 O6,ESI,1032.9892654699997,NH4-Gain,+,1,23.250491215265342,,
TG(30:0_18:1_16:0),XIC,C67 H128 O6,ESI,1047.00491547,NH4-Gain,+,1,23.351273030855435,,
TG(30:0_16:1_18:1),XIC,C67 H126 O6,ESI,1044.98926547,NH4-Gain,+,1,23.04951941793948,,
TG(28:1_20:1_22:1),XIC,C73 H136 O6,ESI,1127.06751547,NH4-Gain,+,1,21.963,,
TG(28:1_23:1_24:2),XIC,C78 H144 O6,ESI,1195.13011547,NH4-Gain,+,1,22.197,,
